hgvsp,score,referenceSet,perturbed_percentage,gene_variant,clinvar_clnsig_clean
AGXT_Arg36Cys,100.0,Positive,100.0,AGXT_Arg36Cys,1_Pathogenic
RP2_Tyr198Cys,0.0,Negative,0.0,RP2_Tyr198Cys,2_Benign
CAPN3_Arg29Gln,0.0,Positive,0.0,CAPN3_Arg29Gln,1_Pathogenic
PLP1_Ser135Phe,22.22,Positive,22.22,PLP1_Ser135Phe,1_Pathogenic
EMD_Met1Val,3.03,Positive,3.03,EMD_Met1Val,1_Pathogenic
HBD_Leu76Val,50.0,Positive,50.0,HBD_Leu76Val,1_Pathogenic
TMEM43_Arg312Trp,100.0,Negative,100.0,TMEM43_Arg312Trp,2_Benign
AHCY_Arg335Cys,0.0,Negative,0.0,AHCY_Arg335Cys,2_Benign
ACSF3_Glu359Lys,100.0,Positive,100.0,ACSF3_Glu359Lys,1_Pathogenic
GFAP_Arg88Cys,0.0,Positive,0.0,GFAP_Arg88Cys,1_Pathogenic
IMPDH1_Asn247Lys,0.0,Positive,0.0,IMPDH1_Asn247Lys,1_Pathogenic
KCNJ2_Arg67Gln,100.0,Positive,100.0,KCNJ2_Arg67Gln,1_Pathogenic
STXBP1_Pro480Leu,83.33,Positive,83.33,STXBP1_Pro480Leu,1_Pathogenic
CLN6_Arg103Gln,0.0,Positive,0.0,CLN6_Arg103Gln,1_Pathogenic
VHL_Glu70Lys,0.0,Positive,0.0,VHL_Glu70Lys,1_Pathogenic
EMD_Pro183Thr,0.0,Positive,0.0,EMD_Pro183Thr,1_Pathogenic
TPM1_Glu180Val,0.0,Positive,0.0,TPM1_Glu180Val,1_Pathogenic
FARS2_His84Pro,97.3,Positive,97.3,FARS2_His84Pro,1_Pathogenic
MLH1_Gly244Asp,85.71,Positive,85.71,MLH1_Gly244Asp,1_Pathogenic
STXBP1_Leu256Pro,100.0,Positive,100.0,STXBP1_Leu256Pro,1_Pathogenic
AGXT_Gly116Arg,0.0,Positive,0.0,AGXT_Gly116Arg,1_Pathogenic
AHCY_Cys421Arg,0.0,Negative,0.0,AHCY_Cys421Arg,2_Benign
NMNAT1_Arg237Leu,100.0,Positive,100.0,NMNAT1_Arg237Leu,1_Pathogenic
MVK_Pro167Leu,100.0,Positive,100.0,MVK_Pro167Leu,1_Pathogenic
HPRT1_Gly70Glu,0.0,Positive,0.0,HPRT1_Gly70Glu,1_Pathogenic
FARS2_His135Asp,0.0,Positive,0.0,FARS2_His135Asp,1_Pathogenic
GCK_Gly385Arg,50.0,Positive,50.0,GCK_Gly385Arg,1_Pathogenic
GFAP_Pro47Leu,6.67,Negative,6.67,GFAP_Pro47Leu,2_Benign
TPM1_Met8Arg,0.0,Positive,0.0,TPM1_Met8Arg,1_Pathogenic
VHL_Tyr112His,100.0,Positive,100.0,VHL_Tyr112His,1_Pathogenic
PLP1_Pro181Ser,12.5,Positive,12.5,PLP1_Pro181Ser,1_Pathogenic
AGXT_Phe152Ile,71.43,Positive,71.43,AGXT_Phe152Ile,1_Pathogenic
COQ8A_Gly272Asp,100.0,Positive,100.0,COQ8A_Gly272Asp,1_Pathogenic
IMPDH1_Thr274Pro,25.0,Positive,25.0,IMPDH1_Thr274Pro,1_Pathogenic
PCCA_Ile450Val,0.0,Negative,0.0,PCCA_Ile450Val,2_Benign
KRT6A_Asn171Asp,0.0,Positive,0.0,KRT6A_Asn171Asp,1_Pathogenic
MYD88_Thr202Pro,50.0,Negative,50.0,MYD88_Thr202Pro,2_Benign
FBP1_Pro284Arg,100.0,Positive,100.0,FBP1_Pro284Arg,1_Pathogenic
FARS2_Asp142Tyr,2.63,Positive,2.63,FARS2_Asp142Tyr,1_Pathogenic
SDHD_His102Pro,100.0,Positive,100.0,SDHD_His102Pro,1_Pathogenic
LITAF_Gly112Ser,0.0,Positive,0.0,LITAF_Gly112Ser,1_Pathogenic
KCNJ2_Met301Arg,100.0,Positive,100.0,KCNJ2_Met301Arg,1_Pathogenic
HMBS_Gln34Lys,0.0,Positive,0.0,HMBS_Gln34Lys,1_Pathogenic
PLP1_Trp128Arg,100.0,Positive,100.0,PLP1_Trp128Arg,1_Pathogenic
MVK_Leu255Pro,100.0,Positive,100.0,MVK_Leu255Pro,1_Pathogenic
PITX2_Arg137Trp,0.0,Positive,0.0,PITX2_Arg137Trp,1_Pathogenic
AGXT_Gly161Arg,14.29,Positive,14.29,AGXT_Gly161Arg,1_Pathogenic
SCARB2_Arg121Gln,0.0,Negative,0.0,SCARB2_Arg121Gln,2_Benign
CAPN3_Ala286Glu,100.0,Positive,100.0,CAPN3_Ala286Glu,1_Pathogenic
MLH1_Gln701His,100.0,Positive,100.0,MLH1_Gln701His,1_Pathogenic
GRN_Thr182Met,12.5,Negative,12.5,GRN_Thr182Met,2_Benign
GFAP_Arg376Trp,0.0,Positive,0.0,GFAP_Arg376Trp,1_Pathogenic
NF2_Leu315Pro,0.0,Positive,0.0,NF2_Leu315Pro,1_Pathogenic
KRT6A_Leu170Phe,0.0,Positive,0.0,KRT6A_Leu170Phe,1_Pathogenic
HPRT1_Asp194Asn,0.0,Positive,0.0,HPRT1_Asp194Asn,1_Pathogenic
CAPN3_Ser94Leu,0.0,Positive,0.0,CAPN3_Ser94Leu,1_Pathogenic
NF2_Asn137Tyr,0.0,Positive,0.0,NF2_Asn137Tyr,1_Pathogenic
PNKP_Glu326Lys,53.85,Positive,53.85,PNKP_Glu326Lys,1_Pathogenic
GFAP_Arg239Leu,0.0,Positive,0.0,GFAP_Arg239Leu,1_Pathogenic
KRT2_Thr479Pro,0.0,Positive,0.0,KRT2_Thr479Pro,1_Pathogenic
GCK_Ala387Glu,50.0,Positive,50.0,GCK_Ala387Glu,1_Pathogenic
CTCF_Pro643Ser,0.0,Negative,0.0,CTCF_Pro643Ser,2_Benign
PITX2_Arg144Pro,100.0,Positive,100.0,PITX2_Arg144Pro,1_Pathogenic
AGXT_Ser221Pro,0.0,Positive,0.0,AGXT_Ser221Pro,1_Pathogenic
PLP1_Asp168His,14.29,Positive,14.29,PLP1_Asp168His,1_Pathogenic
MPDU1_Met1Thr,0.0,Positive,0.0,MPDU1_Met1Thr,1_Pathogenic
PRKAR1A_Arg335Pro,0.0,Positive,0.0,PRKAR1A_Arg335Pro,1_Pathogenic
KRT86_Asn114Asp,14.29,Positive,14.29,KRT86_Asn114Asp,1_Pathogenic
STXBP1_Asn548Asp,100.0,Positive,100.0,STXBP1_Asn548Asp,1_Pathogenic
AIPL1_Gly262Ser,0.0,Positive,0.0,AIPL1_Gly262Ser,1_Pathogenic
HPRT1_His204Asp,0.0,Positive,0.0,HPRT1_His204Asp,1_Pathogenic
PITX2_Arg115His,33.33,Positive,33.33,PITX2_Arg115His,1_Pathogenic
GFAP_Leu352Pro,25.0,Positive,25.0,GFAP_Leu352Pro,1_Pathogenic
SDHD_His102Arg,0.0,Positive,0.0,SDHD_His102Arg,1_Pathogenic
EFHC1_Asn607Ser,2.7,Negative,2.7,EFHC1_Asn607Ser,2_Benign
GCK_Gly299Arg,50.0,Positive,50.0,GCK_Gly299Arg,1_Pathogenic
IMPDH1_Arg273Pro,0.0,Positive,0.0,IMPDH1_Arg273Pro,1_Pathogenic
VAPB_Asp162Glu,0.0,Negative,0.0,VAPB_Asp162Glu,2_Benign
HGD_His371Arg,0.0,Positive,0.0,HGD_His371Arg,1_Pathogenic
HMBS_Arg26His,0.0,Positive,0.0,HMBS_Arg26His,1_Pathogenic
STAR_Arg182His,0.0,Positive,0.0,STAR_Arg182His,1_Pathogenic
VHL_Arg126Gly,0.0,Positive,0.0,VHL_Arg126Gly,1_Pathogenic
CAPN3_Arg60Trp,50.0,Positive,50.0,CAPN3_Arg60Trp,1_Pathogenic
MPDU1_Leu119Pro,0.0,Positive,0.0,MPDU1_Leu119Pro,1_Pathogenic
CFP_Val53Met,0.0,Negative,0.0,CFP_Val53Met,2_Benign
GCK_Gly44Asp,50.0,Positive,50.0,GCK_Gly44Asp,1_Pathogenic
IER3IP1_Leu78Pro,83.33,Positive,83.33,IER3IP1_Leu78Pro,1_Pathogenic
STXBP1_Cys180Tyr,83.33,Positive,83.33,STXBP1_Cys180Tyr,1_Pathogenic
CAPN3_Arg257Trp,0.0,Positive,0.0,CAPN3_Arg257Trp,1_Pathogenic
THAP1_Gly9Cys,0.0,Positive,0.0,THAP1_Gly9Cys,1_Pathogenic
CHN1_Ile126Met,0.0,Positive,0.0,CHN1_Ile126Met,1_Pathogenic
AQP1_Val107Gly,6.25,Negative,6.25,AQP1_Val107Gly,2_Benign
BAG3_Pro380Ser,6.25,Negative,6.25,BAG3_Pro380Ser,2_Benign
UBQLN2_Pro497Ser,5.71,Positive,5.71,UBQLN2_Pro497Ser,1_Pathogenic
CAPN3_Asp266Asn,0.0,Negative,0.0,CAPN3_Asp266Asn,2_Benign
MVK_Ala148Thr,100.0,Positive,100.0,MVK_Ala148Thr,1_Pathogenic
MPDU1_Leu74Ser,0.0,Positive,0.0,MPDU1_Leu74Ser,1_Pathogenic
MVK_His20Pro,100.0,Positive,100.0,MVK_His20Pro,1_Pathogenic
MPDU1_Gln126Pro,0.0,Positive,0.0,MPDU1_Gln126Pro,1_Pathogenic
SH3BP2_Pro418Leu,0.0,Positive,0.0,SH3BP2_Pro418Leu,1_Pathogenic
AGXT_Ala280Val,42.86,Negative,42.86,AGXT_Ala280Val,2_Benign
KRT6A_Glu472Lys,0.0,Positive,0.0,KRT6A_Glu472Lys,1_Pathogenic
GCK_Gly175Arg,0.0,Positive,0.0,GCK_Gly175Arg,1_Pathogenic
FBP1_Ala177Asp,100.0,Positive,100.0,FBP1_Ala177Asp,1_Pathogenic
TTR_Val40Ile,0.0,Positive,0.0,TTR_Val40Ile,1_Pathogenic
GMPPB_Pro22Ser,0.0,Positive,0.0,GMPPB_Pro22Ser,1_Pathogenic
GALE_Leu313Met,0.0,Positive,0.0,GALE_Leu313Met,1_Pathogenic
VHL_Val125Ala,0.0,Positive,0.0,VHL_Val125Ala,1_Pathogenic
SFTPC_Ile73Thr,0.0,Positive,0.0,SFTPC_Ile73Thr,1_Pathogenic
TTR_Thr69Ala,100.0,Positive,100.0,TTR_Thr69Ala,1_Pathogenic
LITAF_Pro135Thr,0.0,Positive,0.0,LITAF_Pro135Thr,1_Pathogenic
BAG3_Arg258Trp,6.25,Negative,6.25,BAG3_Arg258Trp,2_Benign
MVK_Ser52Asn,0.0,Negative,0.0,MVK_Ser52Asn,2_Benign
LITAF_Trp116Gly,33.33,Positive,33.33,LITAF_Trp116Gly,1_Pathogenic
HGD_Met368Val,0.0,Positive,0.0,HGD_Met368Val,1_Pathogenic
AQP1_Pro38Leu,75.0,Positive,75.0,AQP1_Pro38Leu,1_Pathogenic
PTS_Arg25Gln,0.0,Positive,0.0,PTS_Arg25Gln,1_Pathogenic
MLH1_Ala586Asp,100.0,Positive,100.0,MLH1_Ala586Asp,1_Pathogenic
MYD88_Leu93Pro,100.0,Positive,100.0,MYD88_Leu93Pro,1_Pathogenic
PKP2_Asp26Asn,0.0,Negative,0.0,PKP2_Asp26Asn,2_Benign
AQP1_Gly165Asp,0.0,Negative,0.0,AQP1_Gly165Asp,2_Benign
KRT8_Gly434Ser,0.0,Negative,0.0,KRT8_Gly434Ser,2_Benign
STXBP1_Cys354Arg,50.0,Positive,50.0,STXBP1_Cys354Arg,1_Pathogenic
FA2H_Phe144Ser,0.0,Positive,0.0,FA2H_Phe144Ser,1_Pathogenic
HGD_Pro230Ser,100.0,Positive,100.0,HGD_Pro230Ser,1_Pathogenic
SH3BP2_Pro418Arg,0.0,Positive,0.0,SH3BP2_Pro418Arg,1_Pathogenic
STXBP1_Arg190Trp,50.0,Positive,50.0,STXBP1_Arg190Trp,1_Pathogenic
STXBP1_Arg551Leu,100.0,Positive,100.0,STXBP1_Arg551Leu,1_Pathogenic
XRCC2_Phe270Val,0.0,Negative,0.0,XRCC2_Phe270Val,2_Benign
TTR_Phe64Ser,0.0,Positive,0.0,TTR_Phe64Ser,1_Pathogenic
TTR_Leu75Pro,0.0,Positive,0.0,TTR_Leu75Pro,1_Pathogenic
HPRT1_Gly71Arg,0.0,Positive,0.0,HPRT1_Gly71Arg,1_Pathogenic
CTCF_Tyr407Cys,0.0,Positive,0.0,CTCF_Tyr407Cys,1_Pathogenic
TTR_Gly67Arg,100.0,Positive,100.0,TTR_Gly67Arg,1_Pathogenic
MVK_Asn301Thr,100.0,Positive,100.0,MVK_Asn301Thr,1_Pathogenic
AGXT_Arg111Gln,71.43,Positive,71.43,AGXT_Arg111Gln,1_Pathogenic
TSFM_Trp91Gly,0.0,Negative,0.0,TSFM_Trp91Gly,2_Benign
TPM1_Arg238Trp,0.0,Positive,0.0,TPM1_Arg238Trp,1_Pathogenic
CFP_Gln131Glu,0.0,Negative,0.0,CFP_Gln131Glu,2_Benign
HPRT1_Arg45Lys,0.0,Positive,0.0,HPRT1_Arg45Lys,1_Pathogenic
CFP_Arg79Gln,0.0,Negative,0.0,CFP_Arg79Gln,2_Benign
CFP_Tyr414Asp,0.0,Positive,0.0,CFP_Tyr414Asp,1_Pathogenic
VAPB_Pro56Ser,0.0,Positive,0.0,VAPB_Pro56Ser,1_Pathogenic
UROD_Gly281Val,0.0,Positive,0.0,UROD_Gly281Val,1_Pathogenic
MPDU1_Ser221Cys,0.0,Negative,0.0,MPDU1_Ser221Cys,2_Benign
NF2_Met401Thr,0.0,Negative,0.0,NF2_Met401Thr,2_Benign
CTCF_His455Gln,0.0,Positive,0.0,CTCF_His455Gln,1_Pathogenic
AGXT_Ser187Phe,0.0,Positive,0.0,AGXT_Ser187Phe,1_Pathogenic
KCTD7_Arg94Trp,0.0,Positive,0.0,KCTD7_Arg94Trp,1_Pathogenic
GALE_Val94Met,0.0,Positive,0.0,GALE_Val94Met,1_Pathogenic
KCNJ2_Val302Met,0.0,Positive,0.0,KCNJ2_Val302Met,1_Pathogenic
CFP_Pro289Ser,0.0,Negative,0.0,CFP_Pro289Ser,2_Benign
AGXT_Arg197Gln,28.57,Negative,28.57,AGXT_Arg197Gln,2_Benign
PKP2_Ile487Ser,100.0,Negative,100.0,PKP2_Ile487Ser,2_Benign
TPM1_Lys248Glu,0.0,Positive,0.0,TPM1_Lys248Glu,1_Pathogenic
CAPN3_Glu41Lys,50.0,Positive,50.0,CAPN3_Glu41Lys,1_Pathogenic
EFHC1_Met448Thr,0.0,Negative,0.0,EFHC1_Met448Thr,2_Benign
IMPDH1_Gln292His,0.0,Positive,0.0,IMPDH1_Gln292His,1_Pathogenic
BCL10_Leu8Leu,0.0,Negative,0.0,BCL10_Leu8Leu,2_Benign
FARS2_Asp325Tyr,61.29,Positive,61.29,FARS2_Asp325Tyr,1_Pathogenic
HMBS_Glu250Lys,100.0,Positive,100.0,HMBS_Glu250Lys,1_Pathogenic
KCNJ2_Gly300Asp,100.0,Positive,100.0,KCNJ2_Gly300Asp,1_Pathogenic
AGXT_Ile340Met,100.0,Negative,100.0,AGXT_Ile340Met,2_Benign
SDHD_His102Leu,100.0,Positive,100.0,SDHD_His102Leu,1_Pathogenic
KRT2_Glu488Lys,0.0,Positive,0.0,KRT2_Glu488Lys,1_Pathogenic
HMBS_Arg167Gln,0.0,Positive,0.0,HMBS_Arg167Gln,1_Pathogenic
HPRT1_Pro176Leu,0.0,Positive,0.0,HPRT1_Pro176Leu,1_Pathogenic
AGXT_Pro319Leu,100.0,Positive,100.0,AGXT_Pro319Leu,1_Pathogenic
GSS_Arg125Cys,0.0,Positive,0.0,GSS_Arg125Cys,1_Pathogenic
FARS2_Ile329Thr,2.63,Positive,2.63,FARS2_Ile329Thr,1_Pathogenic
HPRT1_Thr168Ile,0.0,Positive,0.0,HPRT1_Thr168Ile,1_Pathogenic
STXBP1_Leu426Pro,100.0,Positive,100.0,STXBP1_Leu426Pro,1_Pathogenic
SFTPC_Leu194Pro,0.0,Positive,0.0,SFTPC_Leu194Pro,1_Pathogenic
HPRT1_Asp201Gly,0.0,Positive,0.0,HPRT1_Asp201Gly,1_Pathogenic
HMBS_His256Asn,0.0,Positive,0.0,HMBS_His256Asn,1_Pathogenic
PYGL_Val456Met,0.0,Positive,0.0,PYGL_Val456Met,1_Pathogenic
TTR_Ile88Leu,0.0,Positive,0.0,TTR_Ile88Leu,1_Pathogenic
STXBP1_Pro94Leu,16.67,Negative,16.67,STXBP1_Pro94Leu,2_Benign
AHCY_Arg38Trp,0.0,Negative,0.0,AHCY_Arg38Trp,2_Benign
KCTD1_His33Pro,0.0,Positive,0.0,KCTD1_His33Pro,1_Pathogenic
PLP1_Thr147Pro,66.67,Positive,66.67,PLP1_Thr147Pro,1_Pathogenic
TTR_Ala117Ser,0.0,Positive,0.0,TTR_Ala117Ser,1_Pathogenic
EFHC1_Arg159Trp,28.95,Negative,28.95,EFHC1_Arg159Trp,2_Benign
AIPL1_Arg270His,100.0,Positive,100.0,AIPL1_Arg270His,1_Pathogenic
RP2_Arg118Leu,0.0,Positive,0.0,RP2_Arg118Leu,1_Pathogenic
KCTD1_Gly62Asp,0.0,Positive,0.0,KCTD1_Gly62Asp,1_Pathogenic
HGD_Val300Gly,100.0,Positive,100.0,HGD_Val300Gly,1_Pathogenic
LITAF_Thr115Asn,15.38,Positive,15.38,LITAF_Thr115Asn,1_Pathogenic
UBQLN2_Pro497His,0.0,Positive,0.0,UBQLN2_Pro497His,1_Pathogenic
SCARB2_Gly462Glu,0.0,Negative,0.0,SCARB2_Gly462Glu,2_Benign
ACSF3_Pro285Leu,100.0,Negative,100.0,ACSF3_Pro285Leu,2_Benign
RP2_Arg118His,0.0,Positive,0.0,RP2_Arg118His,1_Pathogenic
TTR_Asp38Gly,100.0,Positive,100.0,TTR_Asp38Gly,1_Pathogenic
CHN1_Glu313Lys,0.0,Positive,0.0,CHN1_Glu313Lys,1_Pathogenic
STXBP1_Leu291Pro,83.33,Positive,83.33,STXBP1_Leu291Pro,1_Pathogenic
GMPPB_Arg287Gln,0.0,Positive,0.0,GMPPB_Arg287Gln,1_Pathogenic
TPM1_Asp230Asn,0.0,Positive,0.0,TPM1_Asp230Asn,1_Pathogenic
HPRT1_Ala161Ser,0.0,Positive,0.0,HPRT1_Ala161Ser,1_Pathogenic
STXBP1_Pro335Leu,50.0,Positive,50.0,STXBP1_Pro335Leu,1_Pathogenic
KCTD7_Asp115Tyr,0.0,Positive,0.0,KCTD7_Asp115Tyr,1_Pathogenic
VHL_His150Asp,0.0,Positive,0.0,VHL_His150Asp,1_Pathogenic
AP2S1_Arg15His,100.0,Positive,100.0,AP2S1_Arg15His,1_Pathogenic
HMBS_Leu81Pro,0.0,Positive,0.0,HMBS_Leu81Pro,1_Pathogenic
MLH1_Lys751Arg,0.0,Negative,0.0,MLH1_Lys751Arg,2_Benign
CAPN3_Asp195Gly,0.0,Positive,0.0,CAPN3_Asp195Gly,1_Pathogenic
STXBP1_Gly544Asp,100.0,Positive,100.0,STXBP1_Gly544Asp,1_Pathogenic
KCNJ2_Arg189Lys,100.0,Positive,100.0,KCNJ2_Arg189Lys,1_Pathogenic
KRT6A_Asn171Ser,0.0,Positive,0.0,KRT6A_Asn171Ser,1_Pathogenic
HMBS_Arg167Trp,0.0,Positive,0.0,HMBS_Arg167Trp,1_Pathogenic
RP2_Met41Thr,0.0,Negative,0.0,RP2_Met41Thr,2_Benign
AGXT_Ala210Pro,0.0,Positive,0.0,AGXT_Ala210Pro,1_Pathogenic
TMEM43_Arg28Trp,0.0,Negative,0.0,TMEM43_Arg28Trp,2_Benign
STAR_Arg182Leu,0.0,Positive,0.0,STAR_Arg182Leu,1_Pathogenic
TPK1_Asn50His,0.0,Positive,0.0,TPK1_Asn50His,1_Pathogenic
AGXT_Asn22Ser,14.29,Negative,14.29,AGXT_Asn22Ser,2_Benign
STAR_Val187Met,100.0,Positive,100.0,STAR_Val187Met,1_Pathogenic
VHL_Glu52Lys,0.0,Negative,0.0,VHL_Glu52Lys,2_Benign
GFAP_Leu357Pro,23.53,Positive,23.53,GFAP_Leu357Pro,1_Pathogenic
SDHD_Leu139Pro,100.0,Positive,100.0,SDHD_Leu139Pro,1_Pathogenic
PRKAR1A_Met1Val,0.0,Positive,0.0,PRKAR1A_Met1Val,1_Pathogenic
EFHC1_Arg221His,0.0,Negative,0.0,EFHC1_Arg221His,2_Benign
KRT6A_Tyr465His,0.0,Positive,0.0,KRT6A_Tyr465His,1_Pathogenic
EFHC1_Arg159Gly,8.11,Negative,8.11,EFHC1_Arg159Gly,2_Benign
PLP1_Ile152Thr,14.29,Positive,14.29,PLP1_Ile152Thr,1_Pathogenic
STXBP1_Met443Arg,100.0,Positive,100.0,STXBP1_Met443Arg,1_Pathogenic
RP2_Arg218Ser,0.0,Negative,0.0,RP2_Arg218Ser,2_Benign
TSFM_Ser2Leu,20.0,Negative,20.0,TSFM_Ser2Leu,2_Benign
VHL_Pro25Leu,0.0,Negative,0.0,VHL_Pro25Leu,2_Benign
SH3BP2_Arg415Gln,0.0,Positive,0.0,SH3BP2_Arg415Gln,1_Pathogenic
VAPB_Asp130Glu,0.0,Negative,0.0,VAPB_Asp130Glu,2_Benign
GALE_Gly302Asp,0.0,Positive,0.0,GALE_Gly302Asp,1_Pathogenic
GCK_Arg303Trp,50.0,Positive,50.0,GCK_Arg303Trp,1_Pathogenic
SFTPC_Glu66Lys,0.0,Positive,0.0,SFTPC_Glu66Lys,1_Pathogenic
KCTD7_Leu108Met,0.0,Positive,0.0,KCTD7_Leu108Met,1_Pathogenic
HMBS_Ala252Val,100.0,Positive,100.0,HMBS_Ala252Val,1_Pathogenic
KCTD1_His33Gln,0.0,Positive,0.0,KCTD1_His33Gln,1_Pathogenic
MPDU1_Val218Leu,0.0,Negative,0.0,MPDU1_Val218Leu,2_Benign
IL36RN_Thr123Arg,100.0,Positive,100.0,IL36RN_Thr123Arg,1_Pathogenic
HGD_Ser47Leu,0.0,Positive,0.0,HGD_Ser47Leu,1_Pathogenic
LITAF_Val81Met,0.0,Negative,0.0,LITAF_Val81Met,2_Benign
VAPB_Thr46Ile,0.0,Positive,0.0,VAPB_Thr46Ile,1_Pathogenic
ACSF3_Arg558Trp,100.0,Positive,100.0,ACSF3_Arg558Trp,1_Pathogenic
SH3BP2_Pro418His,0.0,Positive,0.0,SH3BP2_Pro418His,1_Pathogenic
FARS2_Ser57Cys,0.0,Negative,0.0,FARS2_Ser57Cys,2_Benign
GFAP_Asn77Ser,0.0,Positive,0.0,GFAP_Asn77Ser,1_Pathogenic
AHCY_Pro98Leu,0.0,Positive,0.0,AHCY_Pro98Leu,1_Pathogenic
RP2_Arg282Trp,0.0,Negative,0.0,RP2_Arg282Trp,2_Benign
KRT2_Asn186Tyr,0.0,Positive,0.0,KRT2_Asn186Tyr,1_Pathogenic
KCNJ2_Thr75Arg,100.0,Positive,100.0,KCNJ2_Thr75Arg,1_Pathogenic
NMNAT1_Glu257Lys,0.0,Positive,0.0,NMNAT1_Glu257Lys,1_Pathogenic
MLH1_Leu73Arg,100.0,Positive,100.0,MLH1_Leu73Arg,1_Pathogenic
HPRT1_Asp80Val,0.0,Positive,0.0,HPRT1_Asp80Val,1_Pathogenic
STXBP1_Arg406His,80.0,Positive,80.0,STXBP1_Arg406His,1_Pathogenic
PMP22_Asp37Val,0.0,Positive,0.0,PMP22_Asp37Val,1_Pathogenic
ACSF3_Met198Arg,100.0,Positive,100.0,ACSF3_Met198Arg,1_Pathogenic
VHL_Cys121Phe,100.0,Positive,100.0,VHL_Cys121Phe,1_Pathogenic
KCNJ2_Asp71Val,100.0,Positive,100.0,KCNJ2_Asp71Val,1_Pathogenic
NMNAT1_Leu153Val,0.0,Positive,0.0,NMNAT1_Leu153Val,1_Pathogenic
STXBP1_Arg406Leu,100.0,Positive,100.0,STXBP1_Arg406Leu,1_Pathogenic
HPRT1_Gly58Arg,0.0,Positive,0.0,HPRT1_Gly58Arg,1_Pathogenic
IMPDH1_Lys287Arg,0.0,Positive,0.0,IMPDH1_Lys287Arg,1_Pathogenic
TTR_Glu109Gln,0.0,Positive,0.0,TTR_Glu109Gln,1_Pathogenic
NF2_Leu58Pro,0.0,Positive,0.0,NF2_Leu58Pro,1_Pathogenic
KCNJ2_Arg312His,100.0,Positive,100.0,KCNJ2_Arg312His,1_Pathogenic
AHCY_Gly123Arg,0.0,Negative,0.0,AHCY_Gly123Arg,2_Benign
VHL_Leu122Pro,0.0,Positive,0.0,VHL_Leu122Pro,1_Pathogenic
MLH1_Pro28Leu,89.47,Positive,89.47,MLH1_Pro28Leu,1_Pathogenic
PLP1_Cys193Tyr,75.0,Positive,75.0,PLP1_Cys193Tyr,1_Pathogenic
RP2_Thr87Ile,0.0,Negative,0.0,RP2_Thr87Ile,2_Benign
PLP1_Val184Phe,22.22,Positive,22.22,PLP1_Val184Phe,1_Pathogenic
CAPN3_Tyr251Cys,0.0,Positive,0.0,CAPN3_Tyr251Cys,1_Pathogenic
SCARB2_Val396Ile,0.0,Negative,0.0,SCARB2_Val396Ile,2_Benign
PLP1_Thr43Ile,33.33,Positive,33.33,PLP1_Thr43Ile,1_Pathogenic
STXBP1_Val451Ile,16.67,Negative,16.67,STXBP1_Val451Ile,2_Benign
CAPN3_Gly55Trp,50.0,Positive,50.0,CAPN3_Gly55Trp,1_Pathogenic
KRT8_Tyr54His,0.0,Negative,0.0,KRT8_Tyr54His,2_Benign
TPM1_Arg160His,0.0,Positive,0.0,TPM1_Arg160His,1_Pathogenic
CAPN3_Ala259Val,0.0,Positive,0.0,CAPN3_Ala259Val,1_Pathogenic
TTR_Val50Gly,100.0,Positive,100.0,TTR_Val50Gly,1_Pathogenic
IL36RN_Leu27Pro,100.0,Positive,100.0,IL36RN_Leu27Pro,1_Pathogenic
PCCA_Met348Lys,100.0,Positive,100.0,PCCA_Met348Lys,1_Pathogenic
VHL_Pro81Ser,100.0,Negative,100.0,VHL_Pro81Ser,2_Benign
STAR_Arg188Cys,100.0,Positive,100.0,STAR_Arg188Cys,1_Pathogenic
CTCF_Arg342Cys,0.0,Positive,0.0,CTCF_Arg342Cys,1_Pathogenic
SDHD_His50Arg,0.0,Negative,0.0,SDHD_His50Arg,2_Benign
RP2_Ile314Thr,0.0,Negative,0.0,RP2_Ile314Thr,2_Benign
CFP_Gly250Ser,0.0,Negative,0.0,CFP_Gly250Ser,2_Benign
KCNJ2_Arg82Gln,100.0,Positive,100.0,KCNJ2_Arg82Gln,1_Pathogenic
FARS2_Gly309Ser,97.37,Positive,97.37,FARS2_Gly309Ser,1_Pathogenic
NMNAT1_Asn273Asp,0.0,Positive,0.0,NMNAT1_Asn273Asp,1_Pathogenic
KCNJ2_Arg67Trp,100.0,Positive,100.0,KCNJ2_Arg67Trp,1_Pathogenic
LITAF_Leu122Val,16.67,Positive,16.67,LITAF_Leu122Val,1_Pathogenic
STXBP1_Arg235Gln,100.0,Positive,100.0,STXBP1_Arg235Gln,1_Pathogenic
KLHL3_Met78Val,0.0,Positive,0.0,KLHL3_Met78Val,1_Pathogenic
MVK_Asn205Asp,0.0,Positive,0.0,MVK_Asn205Asp,1_Pathogenic
CLN6_Arg6Thr,0.0,Positive,0.0,CLN6_Arg6Thr,1_Pathogenic
HMBS_Asp359Asn,0.0,Negative,0.0,HMBS_Asp359Asn,2_Benign
KCTD1_Ala30Glu,0.0,Positive,0.0,KCTD1_Ala30Glu,1_Pathogenic
VHL_Tyr134Cys,0.0,Positive,0.0,VHL_Tyr134Cys,1_Pathogenic
VHL_Gln123Arg,0.0,Positive,0.0,VHL_Gln123Arg,1_Pathogenic
SFTPC_Ala116Asp,20.0,Positive,20.0,SFTPC_Ala116Asp,1_Pathogenic
AGXT_Ala85Asp,100.0,Positive,100.0,AGXT_Ala85Asp,1_Pathogenic
MYD88_Arg180Trp,50.0,Negative,50.0,MYD88_Arg180Trp,2_Benign
HGD_Cys120Trp,100.0,Positive,100.0,HGD_Cys120Trp,1_Pathogenic
AGXT_Val326Ile,0.0,Negative,0.0,AGXT_Val326Ile,2_Benign
AGXT_Ala186Val,0.0,Negative,0.0,AGXT_Ala186Val,2_Benign
CAPN3_Asn264Ser,0.0,Positive,0.0,CAPN3_Asn264Ser,1_Pathogenic
KCNJ2_Ile258Thr,100.0,Negative,100.0,KCNJ2_Ile258Thr,2_Benign
KRT6A_Glu163Lys,0.0,Positive,0.0,KRT6A_Glu163Lys,1_Pathogenic
MLH1_Val185Gly,63.16,Positive,63.16,MLH1_Val185Gly,1_Pathogenic
RP2_Ile223Val,0.0,Negative,0.0,RP2_Ile223Val,2_Benign
UBQLN2_Pro506Thr,0.0,Positive,0.0,UBQLN2_Pro506Thr,1_Pathogenic
KRT86_Glu402Gln,14.29,Positive,14.29,KRT86_Glu402Gln,1_Pathogenic
AGXT_Ser218Leu,57.14,Positive,57.14,AGXT_Ser218Leu,1_Pathogenic
CFP_Asp299Asn,0.0,Negative,0.0,CFP_Asp299Asn,2_Benign
GMPPB_Pro32Leu,100.0,Positive,100.0,GMPPB_Pro32Leu,1_Pathogenic
NMNAT1_Arg207Trp,0.0,Positive,0.0,NMNAT1_Arg207Trp,1_Pathogenic
TTR_Ile127Val,0.0,Positive,0.0,TTR_Ile127Val,1_Pathogenic
MYD88_Met27Thr,0.0,Negative,0.0,MYD88_Met27Thr,2_Benign
TPM1_Ser215Leu,0.0,Positive,0.0,TPM1_Ser215Leu,1_Pathogenic
NF2_Leu452Pro,100.0,Positive,100.0,NF2_Leu452Pro,1_Pathogenic
TSFM_Leu266Ile,0.0,Negative,0.0,TSFM_Leu266Ile,2_Benign
BAG3_Leu462Pro,31.25,Positive,31.25,BAG3_Leu462Pro,1_Pathogenic
MPDU1_Ala135Pro,0.0,Negative,0.0,MPDU1_Ala135Pro,2_Benign
KLHL3_Cys164Phe,100.0,Positive,100.0,KLHL3_Cys164Phe,1_Pathogenic
KRT6A_Ile462Asn,0.0,Positive,0.0,KRT6A_Ile462Asn,1_Pathogenic
KCNJ2_Arg260Pro,100.0,Positive,100.0,KCNJ2_Arg260Pro,1_Pathogenic
AGXT_Gly41Arg,100.0,Positive,100.0,AGXT_Gly41Arg,1_Pathogenic
CAPN3_Arg257Gln,0.0,Positive,0.0,CAPN3_Arg257Gln,1_Pathogenic
HMBS_Cys247Arg,100.0,Positive,100.0,HMBS_Cys247Arg,1_Pathogenic
TTR_Ala117Gly,100.0,Positive,100.0,TTR_Ala117Gly,1_Pathogenic
CAPN3_Arg60Gln,0.0,Positive,0.0,CAPN3_Arg60Gln,1_Pathogenic
FARS2_Gly3Val,79.49,Negative,79.49,FARS2_Gly3Val,2_Benign
AHCY_Tyr143Cys,0.0,Positive,0.0,AHCY_Tyr143Cys,1_Pathogenic
IMPDH1_Thr242Met,0.0,Negative,0.0,IMPDH1_Thr242Met,2_Benign
SDHD_Tyr114Cys,0.0,Positive,0.0,SDHD_Tyr114Cys,1_Pathogenic
SDHD_Gly106Val,0.0,Positive,0.0,SDHD_Gly106Val,1_Pathogenic
PITX2_Thr121Pro,100.0,Positive,100.0,PITX2_Thr121Pro,1_Pathogenic
STXBP1_His245Arg,100.0,Positive,100.0,STXBP1_His245Arg,1_Pathogenic
SDHD_Pro81Leu,100.0,Positive,100.0,SDHD_Pro81Leu,1_Pathogenic
EZH2_Arg684Cys,0.0,Positive,0.0,EZH2_Arg684Cys,1_Pathogenic
TTR_Phe53Ile,0.0,Positive,0.0,TTR_Phe53Ile,1_Pathogenic
KLHL3_Ala77Glu,0.0,Positive,0.0,KLHL3_Ala77Glu,1_Pathogenic
NR0B1_Lys382Asn,0.0,Positive,0.0,NR0B1_Lys382Asn,1_Pathogenic
ASNS_Ala6Glu,100.0,Positive,100.0,ASNS_Ala6Glu,1_Pathogenic
VHL_Arg126Trp,100.0,Positive,100.0,VHL_Arg126Trp,1_Pathogenic
TTR_Ala56Pro,0.0,Positive,0.0,TTR_Ala56Pro,1_Pathogenic
SUOX_Gly530Asp,0.0,Positive,0.0,SUOX_Gly530Asp,1_Pathogenic
TPM1_Ala63Val,0.0,Positive,0.0,TPM1_Ala63Val,1_Pathogenic
EMD_Pro183His,13.33,Positive,13.33,EMD_Pro183His,1_Pathogenic
KCTD1_Pro31His,0.0,Positive,0.0,KCTD1_Pro31His,1_Pathogenic
PMP22_Arg157Trp,0.0,Positive,0.0,PMP22_Arg157Trp,1_Pathogenic
IMPDH1_Leu284Pro,0.0,Positive,0.0,IMPDH1_Leu284Pro,1_Pathogenic
LITAF_Ala111Gly,16.67,Positive,16.67,LITAF_Ala111Gly,1_Pathogenic
NF2_Glu380Lys,0.0,Negative,0.0,NF2_Glu380Lys,2_Benign
CAPN3_Arg236Gly,0.0,Positive,0.0,CAPN3_Arg236Gly,1_Pathogenic
HMBS_Arg149Gln,0.0,Positive,0.0,HMBS_Arg149Gln,1_Pathogenic
CAPN3_Tyr258Cys,0.0,Positive,0.0,CAPN3_Tyr258Cys,1_Pathogenic
UROD_Met165Arg,100.0,Positive,100.0,UROD_Met165Arg,1_Pathogenic
HMBS_Arg195Cys,0.0,Positive,0.0,HMBS_Arg195Cys,1_Pathogenic
TPM1_Val95Ala,0.0,Positive,0.0,TPM1_Val95Ala,1_Pathogenic
PITX2_Lys141Glu,0.0,Positive,0.0,PITX2_Lys141Glu,1_Pathogenic
TPM1_Asp175Asn,0.0,Positive,0.0,TPM1_Asp175Asn,1_Pathogenic
KCNJ2_Cys54Phe,100.0,Positive,100.0,KCNJ2_Cys54Phe,1_Pathogenic
TTR_Val50Ala,0.0,Positive,0.0,TTR_Val50Ala,1_Pathogenic
KCNJ2_Asn216His,100.0,Positive,100.0,KCNJ2_Asn216His,1_Pathogenic
MPDU1_Pro8Leu,0.0,Negative,0.0,MPDU1_Pro8Leu,2_Benign
KLHL3_Glu85Ala,0.0,Positive,0.0,KLHL3_Glu85Ala,1_Pathogenic
CAPN3_Ala190Val,0.0,Positive,0.0,CAPN3_Ala190Val,1_Pathogenic
KRT5_Gly476Asp,0.0,Positive,0.0,KRT5_Gly476Asp,1_Pathogenic
MPDU1_Gly225Ser,100.0,Negative,100.0,MPDU1_Gly225Ser,2_Benign
GRN_Ser120Tyr,12.5,Negative,12.5,GRN_Ser120Tyr,2_Benign
HPRT1_Ser104Arg,0.0,Positive,0.0,HPRT1_Ser104Arg,1_Pathogenic
HGD_Gly161Arg,100.0,Positive,100.0,HGD_Gly161Arg,1_Pathogenic
CFP_Val30Met,0.0,Negative,0.0,CFP_Val30Met,2_Benign
GCK_Glu221Lys,50.0,Positive,50.0,GCK_Glu221Lys,1_Pathogenic
IMPDH1_Asp275Gly,0.0,Positive,0.0,IMPDH1_Asp275Gly,1_Pathogenic
TSFM_Val252Ile,0.0,Negative,0.0,TSFM_Val252Ile,2_Benign
