ID,Dataset,gene_variant,gene_variant_pillar,Flag,spdi,Chrom,nuc_loc,ref_allele,alt_allele,hgvs_p,auth_transcript_id,Ref_seq_transcript_ID,Ensembl_transript_ID
BRCA1_Adamovich_2022_Cisplatin_var6405,BRCA1_Adamovich_2022_Cisplatin,BRCA1_Gly602Ala,BRCA1_Gly1706Ala,,NC_000017.11:43063909:C:G,17,43063909,C,G,p.Gly1706Ala,,NM_007294.4,ENST00000357654.9
BRCA1_Adamovich_2022_HDR_var5517,BRCA1_Adamovich_2022_HDR,BRCA1_Gly666Val,BRCA1_Gly1770Val,,NC_000017.11:43051086:C:A,17,43051086,C,A,p.Gly1770Val,,NM_007294.4,ENST00000357654.9
BRCA1_Adamovich_2022_Cisplatin_var6840,BRCA1_Adamovich_2022_Cisplatin,BRCA1_Leu660Pro,BRCA1_Leu1764Pro,,NC_000017.11:43051104:A:G,17,43051104,A,G,p.Leu1764Pro,,NM_007294.4,ENST00000357654.9
BRCA1_Adamovich_2022_HDR_var4616,BRCA1_Adamovich_2022_HDR,BRCA1_Phe558Ser,BRCA1_Phe1662Ser,,NC_000017.11:43070929:A:G,17,43070929,A,G,p.Phe1662Ser,,NM_007294.4,ENST00000357654.9
BRCA1_Adamovich_2022_Cisplatin_var6347,BRCA1_Adamovich_2022_Cisplatin,BRCA1_Phe591Leu,BRCA1_Phe1695Ile,,NC_000017.11:43063941:A:T,17,43063941,A,T,p.Phe1695Ile,,NM_007294.4,ENST00000357654.9
BRCA1_Adamovich_2022_HDR_var4810,BRCA1_Adamovich_2022_HDR,BRCA1_Thr581Ile,BRCA1_Thr1685Ile,,NC_000017.11:43067628:G:A,17,43067628,G,A,p.Thr1685Ile,,NM_007294.4,ENST00000357654.9
BRCA1_Adamovich_2022_HDR_var5176,BRCA1_Adamovich_2022_HDR,BRCA1_Val632Ala,BRCA1_Val1736Ala,,NC_000017.11:43057122:A:G,17,43057122,A,G,p.Val1736Ala,,NM_007294.4,ENST00000357654.9
CHK2_Gebbia_2024_var410573,CHK2_Gebbia_2024,CHEK2_Arg180Cys,CHEK2_Arg180,,NC_000022.11:28725031:G:A,22,28725031,G,A,p.Arg180,,NM_007194.4,ENST00000404276.6
CHK2_Gebbia_2024_var411824,CHK2_Gebbia_2024,CHEK2_Glu239Lys,CHEK2_Glu239,,NC_000022.11:28711986:C:T,22,28711986,C,T,p.Glu239,,NM_007194.4,ENST00000404276.6
CHK2_Gebbia_2024_var408149,CHK2_Gebbia_2024,CHEK2_Glu64Lys,CHEK2_Glu64,,NC_000022.11:28734532:C:T,22,28734532,C,T,p.Glu64,,NM_007194.4,ENST00000404276.6
CHK2_Gebbia_2024_var410152,CHK2_Gebbia_2024,CHEK2_Ile160Met,CHEK2_Ile160Val,,NC_000022.11:28725089:T:C,22,28725089,T,C,p.Ile160Val,,NM_007194.4,ENST00000404276.6
G6PD_unpublished_var126594,G6PD_unpublished,G6PD_Arg166Cys,G6PD_Arg166Arg,,NC_000023.11:154534486:G:A,X,154534486,G,A,p.Arg166Arg,,NM_001360016.2,ENST00000393562.10
G6PD_unpublished_var120692,G6PD_unpublished,G6PD_Glu398Lys,G6PD_Glu398Glu,,NC_000023.11:154532662:C:T,X,154532662,C,T,p.Glu398Glu,,NM_001360016.2,ENST00000393562.10
G6PD_unpublished_var122472,G6PD_unpublished,G6PD_His32Tyr,G6PD_His32His,,NC_000023.11:154546062:G:A,X,154546062,G,A,p.His32His,,NM_001360016.2,ENST00000393562.10
GCK_Gersing_2024_abundance_var330432,GCK_Gersing_2024_abundance,GCK_Glu236Lys,GCK_Glu236,,NC_000007.14:44147807:C:T,7,44147807,C,T,p.Glu236,ENST00000403799.8,NM_000162.5,ENST00000403799.8
GCK_Gersing_2023_complementation_var272750,GCK_Gersing_2023_complementation,GCK_Gly178Arg,GCK_Gly178,,NC_000007.14:44150016:C:G,7,44150016,C,G,p.Gly178,,NM_000162.5,ENST00000403799.8
TP53_Kato_2003_MDM2nWT_var28459,TP53_Kato_2003_MDM2nWT,TP53_Glu11Gln,TP53_Glu11Asp,,NC_000017.11:7676564:C:G,17,7676564,C,G,p.Glu11Asp,,NM_000546.5,ENST00000269305.9
TP53_Giacomelli_2018_p53WT_Nutlin3_var49768,TP53_Giacomelli_2018_p53WT_Nutlin3,TP53_Pro151Ser,TP53_Pro151,,NC_000017.11:7675161:G:A,17,7675161,G,A,p.Pro151,,NM_000546.6,ENST00000269305.9
TP53_Giacomelli_2018_p53WT_Nutlin3_var49601,TP53_Giacomelli_2018_p53WT_Nutlin3,TP53_Val143Met,TP53_Val143,,NC_000017.11:7675185:C:T,17,7675185,C,T,p.Val143,,NM_000546.6,ENST00000269305.9
