gene_variant,total_occurrences,not_perturbed_count,inconclusive_count,perturbed_count,not_perturbed_percentage,inconclusive_percentage,perturbed_percentage
ACSF3_Arg10Trp,3,0,0,3,0.0,0.0,100.0
ACSF3_Arg471Trp,6,0,2,4,0.0,33.33,66.67
ACSF3_Arg558Trp,3,0,0,3,0.0,0.0,100.0
ACSF3_Asp457Asn,3,0,0,3,0.0,0.0,100.0
ACSF3_Glu359Lys,3,0,0,3,0.0,0.0,100.0
ACSF3_Gly119Asp,3,0,0,3,0.0,0.0,100.0
ACSF3_Met198Arg,3,0,0,3,0.0,0.0,100.0
ACSF3_Pro243Leu,3,0,0,3,0.0,0.0,100.0
ACSF3_Pro285Leu,3,0,0,3,0.0,0.0,100.0
ACSF3_Thr358Ile,3,1,2,0,33.33,66.67,0.0
AGXT_Ala186Val,7,1,0,0,14.29,0.0,0.0
AGXT_Ala210Pro,7,0,1,0,0.0,14.29,0.0
AGXT_Ala248Ser,7,0,1,0,0.0,14.29,0.0
AGXT_Ala248Val,7,1,0,0,14.29,0.0,0.0
AGXT_Ala280Val,7,0,0,1,0.0,0.0,14.29
AGXT_Ala295Thr,7,0,0,1,0.0,0.0,14.29
AGXT_Ala85Asp,7,0,0,1,0.0,0.0,14.29
AGXT_Arg111Gln,7,0,0,1,0.0,0.0,14.29
AGXT_Arg118Cys,7,0,0,1,0.0,0.0,14.29
AGXT_Arg197Gln,7,0,1,0,0.0,14.29,0.0
AGXT_Arg289Cys,7,0,0,1,0.0,0.0,14.29
AGXT_Arg289His,7,1,0,0,14.29,0.0,0.0
AGXT_Arg301Cys,7,0,0,1,0.0,0.0,14.29
AGXT_Arg36Cys,7,0,0,1,0.0,0.0,14.29
AGXT_Arg381Lys,6,0,1,0,0.0,16.67,0.0
AGXT_Asn22Ser,7,0,1,0,0.0,14.29,0.0
AGXT_Asp129His,6,1,0,0,16.67,0.0,0.0
AGXT_Asp201Asn,7,0,0,1,0.0,0.0,14.29
AGXT_Asp341Glu,7,0,0,1,0.0,0.0,14.29
AGXT_Glu274Asp,7,1,0,0,14.29,0.0,0.0
AGXT_Glu371Lys,7,0,0,1,0.0,0.0,14.29
AGXT_Gly116Arg,7,1,0,0,14.29,0.0,0.0
AGXT_Gly156Arg,7,0,0,1,0.0,0.0,14.29
AGXT_Gly161Arg,7,0,1,0,0.0,14.29,0.0
AGXT_Gly41Arg,7,0,0,1,0.0,0.0,14.29
AGXT_Gly41Glu,7,0,1,0,0.0,14.29,0.0
AGXT_Ile340Met,14,0,0,2,0.0,0.0,14.29
AGXT_Lys12Arg,7,0,0,1,0.0,0.0,14.29
AGXT_Met49Leu,7,1,0,0,14.29,0.0,0.0
AGXT_Phe152Ile,14,0,0,2,0.0,0.0,14.29
AGXT_Pro10Ala,7,0,0,1,0.0,0.0,14.29
AGXT_Pro11His,7,0,0,1,0.0,0.0,14.29
AGXT_Pro319Leu,7,0,0,1,0.0,0.0,14.29
AGXT_Ser187Phe,6,0,1,0,0.0,16.67,0.0
AGXT_Ser218Leu,7,0,1,0,0.0,14.29,0.0
AGXT_Ser221Pro,6,1,0,0,16.67,0.0,0.0
AGXT_Val162Met,3,0,1,0,0.0,33.33,0.0
AGXT_Val326Ile,5,0,1,0,0.0,20.0,0.0
AHCY_Ala229Thr,1,1,0,0,100.0,0.0,0.0
AHCY_Ala397Val,1,1,0,0,100.0,0.0,0.0
AHCY_Arg196Trp,1,1,0,0,100.0,0.0,0.0
AHCY_Arg233Gln,1,1,0,0,100.0,0.0,0.0
AHCY_Arg233Trp,1,1,0,0,100.0,0.0,0.0
AHCY_Arg285Trp,1,1,0,0,100.0,0.0,0.0
AHCY_Arg327Trp,1,1,0,0,100.0,0.0,0.0
AHCY_Arg334Cys,1,1,0,0,100.0,0.0,0.0
AHCY_Arg335Cys,1,1,0,0,100.0,0.0,0.0
AHCY_Arg38Trp,1,0,1,0,0.0,100.0,0.0
AHCY_Arg431His,1,1,0,0,100.0,0.0,0.0
AHCY_Asp86Gly,1,0,1,0,0.0,100.0,0.0
AHCY_Cys421Arg,1,1,0,0,100.0,0.0,0.0
AHCY_Glu243Lys,1,0,0,1,0.0,0.0,100.0
AHCY_Gly123Arg,1,1,0,0,100.0,0.0,0.0
AHCY_Gly132Arg,1,1,0,0,100.0,0.0,0.0
AHCY_Gly236Arg,1,1,0,0,100.0,0.0,0.0
AHCY_Gly342Val,1,1,0,0,100.0,0.0,0.0
AHCY_His375Arg,1,1,0,0,100.0,0.0,0.0
AHCY_Ile295Val,1,1,0,0,100.0,0.0,0.0
AHCY_Ile92Val,1,1,0,0,100.0,0.0,0.0
AHCY_Leu125Val,1,1,0,0,100.0,0.0,0.0
AHCY_Lys408Arg,1,1,0,0,100.0,0.0,0.0
AHCY_Met33Val,1,1,0,0,100.0,0.0,0.0
AHCY_Met35Thr,1,1,0,0,100.0,0.0,0.0
AHCY_Pro176Ser,1,1,0,0,100.0,0.0,0.0
AHCY_Pro98Leu,1,0,1,0,0.0,100.0,0.0
AHCY_Tyr143Cys,1,1,0,0,100.0,0.0,0.0
AIPL1_Arg270His,1,0,0,1,0.0,0.0,100.0
AIPL1_Arg302Leu,1,1,0,0,100.0,0.0,0.0
AIPL1_Gly262Ser,1,0,1,0,0.0,100.0,0.0
AIPL1_Met79Thr,1,0,0,1,0.0,0.0,100.0
AP2S1_Arg15His,1,0,0,1,0.0,0.0,100.0
AQP1_Asn192Lys,16,0,0,4,0.0,0.0,25.0
AQP1_Gln47Arg,16,3,1,0,18.75,6.25,0.0
AQP1_Gly165Asp,16,4,0,0,25.0,0.0,0.0
AQP1_Pro38Leu,16,0,2,2,0.0,12.5,12.5
AQP1_Val107Gly,16,4,0,0,25.0,0.0,0.0
ASNS_Ala6Glu,1,0,0,1,0.0,0.0,100.0
BAG3_Arg258Trp,16,7,5,0,43.75,31.25,0.0
BAG3_Leu462Pro,16,6,4,2,37.5,25.0,12.5
BAG3_Pro380Ser,16,10,2,0,62.5,12.5,0.0
BCL10_Leu8Leu,1,1,0,0,100.0,0.0,0.0
CAPN3_Ala17Thr,2,0,0,0,0.0,0.0,0.0
CAPN3_Ala190Val,2,0,0,0,0.0,0.0,0.0
CAPN3_Ala242Thr,2,0,0,0,0.0,0.0,0.0
CAPN3_Ala259Val,2,0,0,0,0.0,0.0,0.0
CAPN3_Ala286Glu,2,0,0,0,0.0,0.0,0.0
CAPN3_Arg236Gly,2,0,0,0,0.0,0.0,0.0
CAPN3_Arg257Gln,2,0,0,0,0.0,0.0,0.0
CAPN3_Arg257Trp,2,0,0,0,0.0,0.0,0.0
CAPN3_Arg29Gln,2,0,0,0,0.0,0.0,0.0
CAPN3_Arg29Gly,2,0,0,0,0.0,0.0,0.0
CAPN3_Arg34His,2,0,0,0,0.0,0.0,0.0
CAPN3_Arg36His,2,0,0,0,0.0,0.0,0.0
CAPN3_Arg60Gln,2,0,0,0,0.0,0.0,0.0
CAPN3_Arg60Pro,2,0,0,0,0.0,0.0,0.0
CAPN3_Arg60Trp,2,0,0,0,0.0,0.0,0.0
CAPN3_Arg80Gln,2,0,0,0,0.0,0.0,0.0
CAPN3_Asn201Asp,2,0,0,0,0.0,0.0,0.0
CAPN3_Asn201Thr,2,0,0,0,0.0,0.0,0.0
CAPN3_Asn264Ser,2,0,0,0,0.0,0.0,0.0
CAPN3_Asp174Glu,2,0,0,0,0.0,0.0,0.0
CAPN3_Asp195Gly,2,0,0,0,0.0,0.0,0.0
CAPN3_Asp252Asn,2,0,0,0,0.0,0.0,0.0
CAPN3_Asp266Asn,2,0,0,0,0.0,0.0,0.0
CAPN3_Glu102Asp,2,0,0,0,0.0,0.0,0.0
CAPN3_Glu41Lys,2,0,0,0,0.0,0.0,0.0
CAPN3_Gly151Glu,2,0,0,0,0.0,0.0,0.0
CAPN3_Gly179Arg,2,0,0,0,0.0,0.0,0.0
CAPN3_Gly55Trp,2,0,0,0,0.0,0.0,0.0
CAPN3_His245Tyr,2,0,0,0,0.0,0.0,0.0
CAPN3_Ile149Lys,2,0,0,0,0.0,0.0,0.0
CAPN3_Leu305Phe,2,0,0,0,0.0,0.0,0.0
CAPN3_Met280Lys,2,0,0,0,0.0,0.0,0.0
CAPN3_Pro89Leu,2,0,0,0,0.0,0.0,0.0
CAPN3_Ser117Asn,2,0,0,0,0.0,0.0,0.0
CAPN3_Ser136Gly,2,0,0,0,0.0,0.0,0.0
CAPN3_Ser40Arg,2,0,0,0,0.0,0.0,0.0
CAPN3_Ser94Leu,2,0,0,0,0.0,0.0,0.0
CAPN3_Thr194Lys,2,0,0,0,0.0,0.0,0.0
CAPN3_Thr48Ala,2,0,0,0,0.0,0.0,0.0
CAPN3_Thr87Ala,2,0,0,0,0.0,0.0,0.0
CAPN3_Tyr251Cys,2,0,0,0,0.0,0.0,0.0
CAPN3_Tyr258Cys,2,0,0,0,0.0,0.0,0.0
CAPN3_Val169Met,2,0,0,0,0.0,0.0,0.0
CFP_Ala257Thr,8,3,0,0,37.5,0.0,0.0
CFP_Ala402Gly,8,2,1,0,25.0,12.5,0.0
CFP_Arg100Trp,8,3,0,0,37.5,0.0,0.0
CFP_Arg103His,8,3,0,0,37.5,0.0,0.0
CFP_Arg10Gly,8,3,0,0,37.5,0.0,0.0
CFP_Arg157Gln,8,3,0,0,37.5,0.0,0.0
CFP_Arg157Trp,8,2,1,0,25.0,12.5,0.0
CFP_Arg161Gln,8,2,1,0,25.0,12.5,0.0
CFP_Arg222His,7,1,1,1,14.29,14.29,14.29
CFP_Arg247Trp,8,3,0,0,37.5,0.0,0.0
CFP_Arg346Cys,8,3,0,0,37.5,0.0,0.0
CFP_Arg359Gln,8,1,2,0,12.5,25.0,0.0
CFP_Arg434Thr,8,3,0,0,37.5,0.0,0.0
CFP_Arg79Gln,8,3,0,0,37.5,0.0,0.0
CFP_Asp299Asn,8,3,0,0,37.5,0.0,0.0
CFP_Gln131Glu,8,2,1,0,25.0,12.5,0.0
CFP_Gln35Arg,8,3,0,0,37.5,0.0,0.0
CFP_Glu215Lys,8,2,1,0,25.0,12.5,0.0
CFP_Gly138Ser,8,2,1,0,25.0,12.5,0.0
CFP_Gly194Arg,8,3,0,0,37.5,0.0,0.0
CFP_Gly250Ser,8,3,0,0,37.5,0.0,0.0
CFP_Gly70Glu,8,2,1,0,25.0,12.5,0.0
CFP_His457Tyr,8,3,0,0,37.5,0.0,0.0
CFP_Lys413Glu,8,3,0,0,37.5,0.0,0.0
CFP_Met392Leu,8,3,0,0,37.5,0.0,0.0
CFP_Phe431Val,8,2,1,0,25.0,12.5,0.0
CFP_Pro15Leu,8,0,3,0,0.0,37.5,0.0
CFP_Pro237Ser,8,3,0,0,37.5,0.0,0.0
CFP_Pro239Leu,8,3,0,0,37.5,0.0,0.0
CFP_Pro289Ser,8,3,0,0,37.5,0.0,0.0
CFP_Pro394Ser,8,3,0,0,37.5,0.0,0.0
CFP_Pro437Thr,8,3,0,0,37.5,0.0,0.0
CFP_Pro78Ala,8,2,1,0,25.0,12.5,0.0
CFP_Thr408Ile,8,2,1,0,25.0,12.5,0.0
CFP_Trp321Ser,8,2,1,0,25.0,12.5,0.0
CFP_Tyr414Asp,8,2,1,0,25.0,12.5,0.0
CFP_Val105Met,8,3,0,0,37.5,0.0,0.0
CFP_Val115Leu,8,1,2,0,12.5,25.0,0.0
CFP_Val30Met,8,3,1,0,37.5,12.5,0.0
CFP_Val53Met,8,3,0,0,37.5,0.0,0.0
CHN1_Glu313Lys,1,1,0,0,100.0,0.0,0.0
CHN1_Ile126Met,1,1,0,0,100.0,0.0,0.0
CHN1_Pro252Ser,1,1,0,0,100.0,0.0,0.0
CLN6_Ala12Thr,1,0,0,0,0.0,0.0,0.0
CLN6_Arg103Gln,1,0,0,0,0.0,0.0,0.0
CLN6_Arg6Thr,1,0,0,0,0.0,0.0,0.0
CLN6_Gly123Asp,1,0,0,0,0.0,0.0,0.0
COL2A1_Thr164Met,1,1,0,0,100.0,0.0,0.0
COL2A1_Thr220Met,1,1,0,0,100.0,0.0,0.0
COQ8A_Gly272Asp,6,0,0,4,0.0,0.0,66.67
COQ8A_Gly549Ser,6,2,2,0,33.33,33.33,0.0
CRYAB_Arg157His,1,1,0,0,100.0,0.0,0.0
CRYAB_Gly154Ser,1,1,0,0,100.0,0.0,0.0
CTCF_Arg342Cys,1,0,0,0,0.0,0.0,0.0
CTCF_His455Gln,2,0,0,0,0.0,0.0,0.0
CTCF_Pro643Ser,2,0,0,0,0.0,0.0,0.0
CTCF_Tyr407Cys,2,0,0,0,0.0,0.0,0.0
EFHC1_Ala394Ser,38,0,1,15,0.0,2.63,39.47
EFHC1_Arg159Gly,37,10,3,1,27.03,8.11,2.7
EFHC1_Arg159Trp,38,3,9,3,7.89,23.68,7.89
EFHC1_Arg221His,38,16,0,0,42.11,0.0,0.0
EFHC1_Asn607Ser,37,10,4,0,27.03,10.81,0.0
EFHC1_Asp210Asn,32,14,1,0,43.75,3.13,0.0
EFHC1_Asp253Tyr,37,14,0,0,37.84,0.0,0.0
EFHC1_Ile174Val,37,13,2,0,35.14,5.41,0.0
EFHC1_Met448Thr,37,12,3,0,32.43,8.11,0.0
EFHC1_Phe229Leu,37,13,1,0,35.14,2.7,0.0
EMD_Asp72Val,15,11,2,2,73.33,13.33,13.33
EMD_Met1Val,33,26,5,1,78.79,15.15,3.03
EMD_Pro183His,15,12,1,2,80.0,6.67,13.33
EMD_Pro183Thr,15,14,1,0,93.33,6.67,0.0
EZH2_Arg684Cys,1,0,1,0,0.0,100.0,0.0
FA2H_Arg143Cys,3,1,2,0,33.33,66.67,0.0
FA2H_Phe144Ser,3,2,1,0,66.67,33.33,0.0
FARS2_Ala166Thr,39,8,8,1,20.51,20.51,2.56
FARS2_Asp142Tyr,38,10,6,1,26.32,15.79,2.63
FARS2_Asp325Tyr,31,0,6,7,0.0,19.35,22.58
FARS2_Gly309Ser,38,0,0,16,0.0,0.0,42.11
FARS2_Gly3Val,39,3,1,13,7.69,2.56,33.33
FARS2_His135Asp,31,10,3,0,32.26,9.68,0.0
FARS2_His84Pro,37,0,0,17,0.0,0.0,45.95
FARS2_Ile329Thr,38,6,7,1,15.79,18.42,2.63
FARS2_Ser57Cys,39,12,5,0,30.77,12.82,0.0
FBP1_Ala177Asp,1,0,0,1,0.0,0.0,100.0
FBP1_Pro284Arg,1,0,0,1,0.0,0.0,100.0
GALE_Gly302Asp,1,0,1,0,0.0,100.0,0.0
GALE_Leu313Met,1,1,0,0,100.0,0.0,0.0
GALE_Lys257Arg,1,1,0,0,100.0,0.0,0.0
GALE_Val94Met,1,1,0,0,100.0,0.0,0.0
GCK_Ala387Glu,2,1,0,1,50.0,0.0,50.0
GCK_Arg303Trp,2,1,0,1,50.0,0.0,50.0
GCK_Glu221Lys,2,1,0,1,50.0,0.0,50.0
GCK_Gly175Arg,2,1,1,0,50.0,50.0,0.0
GCK_Gly178Arg,2,1,1,0,50.0,50.0,0.0
GCK_Gly299Arg,2,1,0,1,50.0,0.0,50.0
GCK_Gly385Arg,2,1,0,1,50.0,0.0,50.0
GCK_Gly44Asp,2,1,0,1,50.0,0.0,50.0
GFAP_Ala364Pro,17,6,4,1,35.29,23.53,5.88
GFAP_Arg239Leu,2,1,1,0,50.0,50.0,0.0
GFAP_Arg239Pro,15,5,2,0,33.33,13.33,0.0
GFAP_Arg258Pro,15,6,0,0,40.0,0.0,0.0
GFAP_Arg376Trp,19,7,6,0,36.84,31.58,0.0
GFAP_Arg79Ser,18,6,3,0,33.33,16.67,0.0
GFAP_Arg88Cys,18,6,3,0,33.33,16.67,0.0
GFAP_Asn77Ser,20,6,5,0,30.0,25.0,0.0
GFAP_Glu205Lys,20,6,4,1,30.0,20.0,5.0
GFAP_Glu207Gln,15,5,1,0,33.33,6.67,0.0
GFAP_Glu207Lys,18,3,6,0,16.67,33.33,0.0
GFAP_Glu210Lys,17,5,4,0,29.41,23.53,0.0
GFAP_Glu371Gly,19,9,4,0,47.37,21.05,0.0
GFAP_Glu371Val,19,8,5,0,42.11,26.32,0.0
GFAP_Glu374Gly,15,6,0,0,40.0,0.0,0.0
GFAP_Leu235Pro,15,5,2,0,33.33,13.33,0.0
GFAP_Leu352Pro,20,4,5,3,20.0,25.0,15.0
GFAP_Leu357Pro,17,3,5,2,17.65,29.41,11.76
GFAP_Leu90Pro,20,7,4,0,35.0,20.0,0.0
GFAP_Lys236Thr,17,8,1,0,47.06,5.88,0.0
GFAP_Lys279Glu,19,10,1,0,52.63,5.26,0.0
GFAP_Met73Arg,20,8,3,0,40.0,15.0,0.0
GFAP_Met74Thr,20,7,3,1,35.0,15.0,5.0
GFAP_Pro47Leu,15,6,0,0,40.0,0.0,0.0
GFAP_Ser393Ile,14,4,4,0,28.57,28.57,0.0
GFAP_Tyr257Cys,15,5,2,0,33.33,13.33,0.0
GMPPB_Arg287Gln,1,1,0,0,100.0,0.0,0.0
GMPPB_Pro22Ser,1,1,0,0,100.0,0.0,0.0
GMPPB_Pro32Leu,1,0,0,1,0.0,0.0,100.0
GRN_Ala324Thr,8,1,3,0,12.5,37.5,0.0
GRN_Cys105Arg,8,2,2,0,25.0,25.0,0.0
GRN_Ser120Tyr,8,2,2,0,25.0,25.0,0.0
GRN_Thr182Met,8,1,2,1,12.5,25.0,12.5
GSS_Arg125Cys,1,0,1,0,0.0,100.0,0.0
GSS_Arg283Cys,1,0,0,1,0.0,0.0,100.0
GSS_Pro314Leu,1,1,0,0,100.0,0.0,0.0
HBD_Arg105Ser,2,1,0,1,50.0,0.0,50.0
HBD_Arg117Cys,2,1,0,1,50.0,0.0,50.0
HBD_Asn13Lys,2,1,1,0,50.0,50.0,0.0
HBD_Asn58Lys,1,0,0,1,0.0,0.0,100.0
HBD_Asp100Asn,2,1,0,1,50.0,0.0,50.0
HBD_Glu44Gly,2,1,1,0,50.0,50.0,0.0
HBD_Gly17Arg,2,1,1,0,50.0,50.0,0.0
HBD_Gly26Asp,2,1,0,1,50.0,0.0,50.0
HBD_His147Arg,2,1,0,1,50.0,0.0,50.0
HBD_Leu76Val,2,1,0,1,50.0,0.0,50.0
HBD_Leu89Val,2,1,0,1,50.0,0.0,50.0
HBD_Pro37His,2,1,0,1,50.0,0.0,50.0
HBD_Val99Met,2,0,1,1,0.0,50.0,50.0
HGD_Arg330Ser,1,0,1,0,0.0,100.0,0.0
HGD_Cys120Trp,1,0,0,1,0.0,0.0,100.0
HGD_Gly161Arg,1,0,0,1,0.0,0.0,100.0
HGD_His371Arg,1,1,0,0,100.0,0.0,0.0
HGD_Met368Val,1,1,0,0,100.0,0.0,0.0
HGD_Pro230Ser,1,0,0,1,0.0,0.0,100.0
HGD_Ser47Leu,1,1,0,0,100.0,0.0,0.0
HGD_Val300Gly,1,0,0,1,0.0,0.0,100.0
HMBS_Ala252Val,1,0,0,1,0.0,0.0,100.0
HMBS_Arg149Gln,1,1,0,0,100.0,0.0,0.0
HMBS_Arg167Gln,1,1,0,0,100.0,0.0,0.0
HMBS_Arg167Trp,1,0,1,0,0.0,100.0,0.0
HMBS_Arg195Cys,1,1,0,0,100.0,0.0,0.0
HMBS_Arg225Gln,1,0,1,0,0.0,100.0,0.0
HMBS_Arg26His,1,1,0,0,100.0,0.0,0.0
HMBS_Arg321His,1,0,0,1,0.0,0.0,100.0
HMBS_Asp359Asn,1,0,1,0,0.0,100.0,0.0
HMBS_Cys247Arg,1,0,0,1,0.0,0.0,100.0
HMBS_Gln34Lys,1,1,0,0,100.0,0.0,0.0
HMBS_Glu223Lys,1,1,0,0,100.0,0.0,0.0
HMBS_Glu250Lys,1,0,0,1,0.0,0.0,100.0
HMBS_Glu86Val,1,1,0,0,100.0,0.0,0.0
HMBS_His256Asn,1,1,0,0,100.0,0.0,0.0
HMBS_Leu81Pro,1,1,0,0,100.0,0.0,0.0
HPRT1_Ala161Ser,2,2,0,0,100.0,0.0,0.0
HPRT1_Arg45Lys,2,2,0,0,100.0,0.0,0.0
HPRT1_Asp194Asn,2,2,0,0,100.0,0.0,0.0
HPRT1_Asp201Gly,2,2,0,0,100.0,0.0,0.0
HPRT1_Asp80Val,2,2,0,0,100.0,0.0,0.0
HPRT1_Gly58Arg,2,2,0,0,100.0,0.0,0.0
HPRT1_Gly70Glu,2,2,0,0,100.0,0.0,0.0
HPRT1_Gly71Arg,2,2,0,0,100.0,0.0,0.0
HPRT1_His204Asp,2,2,0,0,100.0,0.0,0.0
HPRT1_Phe74Leu,2,0,1,1,0.0,50.0,50.0
HPRT1_Pro176Leu,2,2,0,0,100.0,0.0,0.0
HPRT1_Ser104Arg,2,2,0,0,100.0,0.0,0.0
HPRT1_Thr168Ile,2,2,0,0,100.0,0.0,0.0
IER3IP1_Leu78Pro,6,1,0,4,16.67,0.0,66.67
IER3IP1_Val21Gly,6,2,2,1,33.33,33.33,16.67
IL36RN_Arg102Trp,2,2,0,0,100.0,0.0,0.0
IL36RN_Leu27Pro,2,0,0,2,0.0,0.0,100.0
IL36RN_Lys35Arg,2,1,1,0,50.0,50.0,0.0
IL36RN_Ser113Leu,2,2,0,0,100.0,0.0,0.0
IL36RN_Thr123Arg,2,0,0,2,0.0,0.0,100.0
IMPDH1_Ala17Gly,4,0,1,0,0.0,25.0,0.0
IMPDH1_Ala216Ser,4,0,1,0,0.0,25.0,0.0
IMPDH1_Ala38Ser,4,1,1,0,25.0,25.0,0.0
IMPDH1_Ala395Gly,4,1,1,0,25.0,25.0,0.0
IMPDH1_Ala441Thr,4,1,1,0,25.0,25.0,0.0
IMPDH1_Arg154Trp,8,3,1,0,37.5,12.5,0.0
IMPDH1_Arg24Pro,4,1,1,0,25.0,25.0,0.0
IMPDH1_Arg24Trp,4,0,2,0,0.0,50.0,0.0
IMPDH1_Arg273Cys,4,1,1,0,25.0,25.0,0.0
IMPDH1_Arg273Pro,4,0,1,0,0.0,25.0,0.0
IMPDH1_Arg461Trp,4,0,1,1,0.0,25.0,25.0
IMPDH1_Asn247His,4,1,1,0,25.0,25.0,0.0
IMPDH1_Asn247Lys,4,1,1,0,25.0,25.0,0.0
IMPDH1_Asp275Gly,4,0,2,0,0.0,50.0,0.0
IMPDH1_Asp484Ala,4,0,2,0,0.0,50.0,0.0
IMPDH1_Cys295Ser,4,0,0,2,0.0,0.0,50.0
IMPDH1_Gln292His,4,1,1,0,25.0,25.0,0.0
IMPDH1_Glu245Gln,4,1,1,0,25.0,25.0,0.0
IMPDH1_Gly44Arg,4,1,1,0,25.0,25.0,0.0
IMPDH1_Gly494Asp,4,0,2,0,0.0,50.0,0.0
IMPDH1_Gly512Ser,4,1,1,0,25.0,25.0,0.0
IMPDH1_His421Pro,4,0,1,0,0.0,25.0,0.0
IMPDH1_His553Arg,4,1,1,0,25.0,25.0,0.0
IMPDH1_Leu250Pro,4,0,0,2,0.0,0.0,50.0
IMPDH1_Leu284Pro,4,1,1,0,25.0,25.0,0.0
IMPDH1_Lys158Asn,4,0,1,0,0.0,25.0,0.0
IMPDH1_Lys287Arg,4,1,1,0,25.0,25.0,0.0
IMPDH1_Lys287Glu,4,1,1,0,25.0,25.0,0.0
IMPDH1_Lys541Arg,4,0,2,0,0.0,50.0,0.0
IMPDH1_Pro118Ala,4,1,1,0,25.0,25.0,0.0
IMPDH1_Thr109Met,4,1,1,0,25.0,25.0,0.0
IMPDH1_Thr221Ala,4,0,1,0,0.0,25.0,0.0
IMPDH1_Thr242Met,4,1,1,0,25.0,25.0,0.0
IMPDH1_Thr274Pro,4,1,1,0,25.0,25.0,0.0
IMPDH1_Thr443Met,4,1,1,0,25.0,25.0,0.0
IMPDH1_Val176Met,4,0,1,0,0.0,25.0,0.0
IMPDH1_Val207Ala,4,0,1,0,0.0,25.0,0.0
IMPDH1_Val317Ile,8,3,1,0,37.5,12.5,0.0
KCNJ2_Ala70Thr,1,0,0,1,0.0,0.0,100.0
KCNJ2_Arg189Lys,2,0,0,2,0.0,0.0,100.0
KCNJ2_Arg260Pro,1,0,0,1,0.0,0.0,100.0
KCNJ2_Arg312His,2,0,0,2,0.0,0.0,100.0
KCNJ2_Arg67Gln,2,0,0,2,0.0,0.0,100.0
KCNJ2_Arg67Trp,1,0,0,1,0.0,0.0,100.0
KCNJ2_Arg82Gln,2,0,0,2,0.0,0.0,100.0
KCNJ2_Asn216His,1,0,0,1,0.0,0.0,100.0
KCNJ2_Asn318Ser,2,0,0,2,0.0,0.0,100.0
KCNJ2_Asp71His,2,0,0,2,0.0,0.0,100.0
KCNJ2_Asp71Val,1,0,0,1,0.0,0.0,100.0
KCNJ2_Cys54Phe,1,0,0,1,0.0,0.0,100.0
KCNJ2_Cys76Gly,2,0,0,2,0.0,0.0,100.0
KCNJ2_Glu349Lys,2,0,0,2,0.0,0.0,100.0
KCNJ2_Gly300Asp,2,0,0,2,0.0,0.0,100.0
KCNJ2_Ile258Thr,2,0,0,2,0.0,0.0,100.0
KCNJ2_Met301Arg,1,0,0,1,0.0,0.0,100.0
KCNJ2_Met301Leu,2,0,0,2,0.0,0.0,100.0
KCNJ2_Met301Val,1,1,0,0,100.0,0.0,0.0
KCNJ2_Pro415Leu,2,0,0,2,0.0,0.0,100.0
KCNJ2_Pro420Leu,2,0,0,2,0.0,0.0,100.0
KCNJ2_Thr139Ile,2,0,1,1,0.0,50.0,50.0
KCNJ2_Thr400Met,2,0,0,2,0.0,0.0,100.0
KCNJ2_Thr75Arg,1,0,0,1,0.0,0.0,100.0
KCNJ2_Val295Ala,2,0,0,2,0.0,0.0,100.0
KCNJ2_Val302Met,2,2,0,0,100.0,0.0,0.0
KCNJ2_Val86Phe,1,0,0,1,0.0,0.0,100.0
KCNJ2_Val93Ile,2,0,0,2,0.0,0.0,100.0
KCTD1_Ala30Glu,1,1,0,0,100.0,0.0,0.0
KCTD1_Gly62Asp,1,1,0,0,100.0,0.0,0.0
KCTD1_His33Gln,1,1,0,0,100.0,0.0,0.0
KCTD1_His33Pro,1,1,0,0,100.0,0.0,0.0
KCTD1_Pro31His,1,1,0,0,100.0,0.0,0.0
KCTD7_Arg94Trp,7,4,2,0,57.14,28.57,0.0
KCTD7_Asp115Tyr,7,3,3,0,42.86,42.86,0.0
KCTD7_Leu108Met,7,3,3,0,42.86,42.86,0.0
KLHL3_Ala77Glu,1,1,0,0,100.0,0.0,0.0
KLHL3_Cys164Phe,1,0,0,1,0.0,0.0,100.0
KLHL3_Glu85Ala,1,1,0,0,100.0,0.0,0.0
KLHL3_Met78Val,1,0,1,0,0.0,100.0,0.0
KRT2_Asn186Tyr,3,2,1,0,66.67,33.33,0.0
KRT2_Glu476Val,3,2,1,0,66.67,33.33,0.0
KRT2_Glu488Lys,3,3,0,0,100.0,0.0,0.0
KRT2_Thr479Pro,3,3,0,0,100.0,0.0,0.0
KRT5_Gly476Asp,1,0,1,0,0.0,100.0,0.0
KRT5_Lys404Glu,1,1,0,0,100.0,0.0,0.0
KRT6A_Arg164Pro,4,2,2,0,50.0,50.0,0.0
KRT6A_Asn171Asp,4,3,1,0,75.0,25.0,0.0
KRT6A_Asn171Ser,4,4,0,0,100.0,0.0,0.0
KRT6A_Asn171Tyr,4,2,2,0,50.0,50.0,0.0
KRT6A_Gln166Pro,3,1,2,0,33.33,66.67,0.0
KRT6A_Glu163Lys,4,2,2,0,50.0,50.0,0.0
KRT6A_Glu472Asp,4,2,2,0,50.0,50.0,0.0
KRT6A_Glu472Lys,4,4,0,0,100.0,0.0,0.0
KRT6A_Ile167Ser,4,4,0,0,100.0,0.0,0.0
KRT6A_Ile462Asn,4,3,1,0,75.0,25.0,0.0
KRT6A_Leu170Phe,4,3,1,0,75.0,25.0,0.0
KRT6A_Leu468Pro,4,2,2,0,50.0,50.0,0.0
KRT6A_Ser176Pro,4,4,0,0,100.0,0.0,0.0
KRT6A_Tyr465His,4,4,0,0,100.0,0.0,0.0
KRT86_Asn114Asp,7,4,2,1,57.14,28.57,14.29
KRT86_Glu402Gln,7,3,3,1,42.86,42.86,14.29
KRT8_Gly434Ser,5,3,1,0,60.0,20.0,0.0
KRT8_Gly53Val,5,1,3,0,20.0,60.0,0.0
KRT8_Tyr54His,5,3,1,0,60.0,20.0,0.0
LDHB_Lys7Glu,2,2,0,0,100.0,0.0,0.0
LITAF_Ala111Gly,6,5,0,1,83.33,0.0,16.67
LITAF_Ala129Val,6,4,1,1,66.67,16.67,16.67
LITAF_Arg160His,6,1,5,0,16.67,83.33,0.0
LITAF_Asn30Tyr,15,12,2,1,80.0,13.33,6.67
LITAF_Gly112Ser,6,4,2,0,66.67,33.33,0.0
LITAF_Gly130Ser,6,5,0,1,83.33,0.0,16.67
LITAF_Leu122Val,19,11,6,2,57.89,31.58,10.53
LITAF_Phe136Leu,6,5,1,0,83.33,16.67,0.0
LITAF_Pro135Arg,6,2,3,1,33.33,50.0,16.67
LITAF_Pro135Ser,6,3,2,1,50.0,33.33,16.67
LITAF_Pro135Thr,6,3,3,0,50.0,50.0,0.0
LITAF_Pro34Thr,15,11,4,0,73.33,26.67,0.0
LITAF_Pro39Ser,15,12,3,0,80.0,20.0,0.0
LITAF_Pro51Ser,15,12,3,0,80.0,20.0,0.0
LITAF_Pro84Leu,15,10,1,4,66.67,6.67,26.67
LITAF_Ser118Pro,6,0,2,4,0.0,33.33,66.67
LITAF_Ser15Leu,15,11,4,0,73.33,26.67,0.0
LITAF_Thr115Asn,13,8,3,2,61.54,23.08,15.38
LITAF_Thr49Met,15,11,4,0,73.33,26.67,0.0
LITAF_Trp116Gly,6,2,2,2,33.33,33.33,33.33
LITAF_Val144Met,6,5,1,0,83.33,16.67,0.0
LITAF_Val81Met,6,5,1,0,83.33,16.67,0.0
MLH1_Ala586Asp,7,0,0,7,0.0,0.0,100.0
MLH1_Asp304Gly,19,13,6,0,68.42,31.58,0.0
MLH1_Asp485Glu,7,7,0,0,100.0,0.0,0.0
MLH1_Cys39Phe,17,0,0,17,0.0,0.0,100.0
MLH1_Cys39Tyr,19,0,0,19,0.0,0.0,100.0
MLH1_Gln701His,19,0,0,19,0.0,0.0,100.0
MLH1_Gly147Arg,7,1,2,4,14.29,28.57,57.14
MLH1_Gly244Asp,7,0,1,6,0.0,14.29,85.71
MLH1_Ile36Asn,19,0,0,19,0.0,0.0,100.0
MLH1_Leu73Arg,19,0,0,19,0.0,0.0,100.0
MLH1_Lys751Arg,19,13,6,0,68.42,31.58,0.0
MLH1_Pro28Leu,19,0,2,17,0.0,10.53,89.47
MLH1_Ser106Arg,7,3,4,0,42.86,57.14,0.0
MLH1_Ser295Thr,19,12,7,0,63.16,36.84,0.0
MLH1_Val185Gly,19,1,6,12,5.26,31.58,63.16
MPDU1_Ala135Pro,1,0,0,0,0.0,0.0,0.0
MPDU1_Ala135Thr,1,0,0,0,0.0,0.0,0.0
MPDU1_Ala187Val,1,0,0,0,0.0,0.0,0.0
MPDU1_Arg200Gln,1,0,0,0,0.0,0.0,0.0
MPDU1_Cys22Trp,1,0,0,0,0.0,0.0,0.0
MPDU1_Gln126Pro,1,0,0,0,0.0,0.0,0.0
MPDU1_Gln243His,1,0,0,0,0.0,0.0,0.0
MPDU1_Gln77Pro,1,0,0,0,0.0,0.0,0.0
MPDU1_Glu4Lys,1,0,0,0,0.0,0.0,0.0
MPDU1_Gly215Glu,1,0,0,0,0.0,0.0,0.0
MPDU1_Gly225Ser,1,0,0,0,0.0,0.0,0.0
MPDU1_Gly45Val,1,0,0,0,0.0,0.0,0.0
MPDU1_Gly73Glu,1,0,0,0,0.0,0.0,0.0
MPDU1_Ile205Val,1,0,0,0,0.0,0.0,0.0
MPDU1_Ile50Thr,1,0,0,0,0.0,0.0,0.0
MPDU1_Leu119Pro,1,0,0,0,0.0,0.0,0.0
MPDU1_Leu18Ser,1,0,0,0,0.0,0.0,0.0
MPDU1_Leu41Val,1,0,0,0,0.0,0.0,0.0
MPDU1_Leu46Pro,1,0,0,0,0.0,0.0,0.0
MPDU1_Leu74Ser,1,0,0,0,0.0,0.0,0.0
MPDU1_Lys238Arg,1,0,0,0,0.0,0.0,0.0
MPDU1_Lys242Gln,1,0,0,0,0.0,0.0,0.0
MPDU1_Met1Thr,1,0,0,0,0.0,0.0,0.0
MPDU1_Phe191Leu,1,0,0,0,0.0,0.0,0.0
MPDU1_Phe63Leu,1,0,0,0,0.0,0.0,0.0
MPDU1_Pro15Ser,1,0,0,0,0.0,0.0,0.0
MPDU1_Pro211Ala,1,0,0,0,0.0,0.0,0.0
MPDU1_Pro8Leu,1,0,0,0,0.0,0.0,0.0
MPDU1_Ser146Leu,1,0,0,0,0.0,0.0,0.0
MPDU1_Ser197Pro,1,0,0,0,0.0,0.0,0.0
MPDU1_Ser221Cys,1,0,0,0,0.0,0.0,0.0
MPDU1_Ser43Arg,1,0,0,0,0.0,0.0,0.0
MPDU1_Thr113Met,1,0,0,0,0.0,0.0,0.0
MPDU1_Thr113Ser,1,0,0,0,0.0,0.0,0.0
MPDU1_Tyr137Cys,1,0,0,0,0.0,0.0,0.0
MPDU1_Val218Leu,1,0,0,0,0.0,0.0,0.0
MVK_Ala148Thr,1,0,0,1,0.0,0.0,100.0
MVK_Asn205Asp,1,0,1,0,0.0,100.0,0.0
MVK_Asn301Thr,1,0,0,1,0.0,0.0,100.0
MVK_Cys101Tyr,1,0,1,0,0.0,100.0,0.0
MVK_His20Pro,1,0,0,1,0.0,0.0,100.0
MVK_Ile268Val,1,0,1,0,0.0,100.0,0.0
MVK_Leu255Pro,1,0,0,1,0.0,0.0,100.0
MVK_Pro167Leu,1,0,0,1,0.0,0.0,100.0
MVK_Ser52Asn,1,0,1,0,0.0,100.0,0.0
MVK_Val278Met,1,1,0,0,100.0,0.0,0.0
MYD88_Arg180Trp,2,1,0,0,50.0,0.0,0.0
MYD88_Arg196Cys,2,1,0,0,50.0,0.0,0.0
MYD88_Leu93Pro,2,0,0,1,0.0,0.0,50.0
MYD88_Met27Thr,2,1,0,0,50.0,0.0,0.0
MYD88_Thr202Pro,2,1,0,0,50.0,0.0,0.0
NAA_Arg116Trp,11,10,0,0,90.91,0.0,0.0
NCF2_Arg184Pro,1,1,0,0,100.0,0.0,0.0
NCF2_Asp108Val,1,0,1,0,0.0,100.0,0.0
NCF2_Asp93Glu,1,1,0,0,100.0,0.0,0.0
NCF2_Gly44Arg,1,0,0,1,0.0,0.0,100.0
NEUROG3_Arg107Ser,2,0,2,0,0.0,100.0,0.0
NF2_Arg335Cys,1,0,0,0,0.0,0.0,0.0
NF2_Asn137Tyr,1,0,0,0,0.0,0.0,0.0
NF2_Asn92Ser,1,0,0,0,0.0,0.0,0.0
NF2_Asp411His,1,0,0,0,0.0,0.0,0.0
NF2_Asp420Asn,1,0,0,0,0.0,0.0,0.0
NF2_Glu344Ala,1,0,0,0,0.0,0.0,0.0
NF2_Glu380Lys,1,0,0,0,0.0,0.0,0.0
NF2_Glu462Lys,1,0,0,0,0.0,0.0,0.0
NF2_Gly114Cys,1,0,0,0,0.0,0.0,0.0
NF2_Gly419Asp,1,0,0,0,0.0,0.0,0.0
NF2_His479Arg,1,0,0,0,0.0,0.0,0.0
NF2_Leu131Pro,1,0,0,0,0.0,0.0,0.0
NF2_Leu315Pro,1,0,0,0,0.0,0.0,0.0
NF2_Leu375Arg,1,0,0,0,0.0,0.0,0.0
NF2_Leu434Pro,1,0,0,0,0.0,0.0,0.0
NF2_Leu452Pro,1,0,0,0,0.0,0.0,0.0
NF2_Leu58Pro,1,0,0,0,0.0,0.0,0.0
NF2_Lys186Glu,1,0,0,0,0.0,0.0,0.0
NF2_Met29Ile,1,0,0,0,0.0,0.0,0.0
NF2_Met401Thr,1,0,0,0,0.0,0.0,0.0
NF2_Pro19Arg,1,0,0,0,0.0,0.0,0.0
NF2_Pro410Leu,1,0,0,0,0.0,0.0,0.0
NF2_Thr336Arg,1,0,0,0,0.0,0.0,0.0
NMNAT1_Arg207Trp,3,3,0,0,100.0,0.0,0.0
NMNAT1_Arg237Leu,3,0,0,3,0.0,0.0,100.0
NMNAT1_Asn273Asp,3,3,0,0,100.0,0.0,0.0
NMNAT1_Glu257Lys,3,2,1,0,66.67,33.33,0.0
NMNAT1_Leu153Val,3,2,1,0,66.67,33.33,0.0
NR0B1_Lys382Asn,1,0,1,0,0.0,100.0,0.0
PCCA_Ile450Val,1,1,0,0,100.0,0.0,0.0
PCCA_Met348Lys,1,0,0,1,0.0,0.0,100.0
PITX2_Arg115His,3,2,0,1,66.67,0.0,33.33
PITX2_Arg137Trp,2,0,2,0,0.0,100.0,0.0
PITX2_Arg144Pro,3,0,0,3,0.0,0.0,100.0
PITX2_Lys141Glu,3,1,2,0,33.33,66.67,0.0
PITX2_Thr121Pro,3,0,0,3,0.0,0.0,100.0
PKP2_Ala372Pro,3,0,1,0,0.0,33.33,0.0
PKP2_Asp26Asn,3,0,1,0,0.0,33.33,0.0
PKP2_Glu380Lys,3,0,1,0,0.0,33.33,0.0
PKP2_Gly5Asp,3,0,1,0,0.0,33.33,0.0
PKP2_Gly68Ser,3,0,1,0,0.0,33.33,0.0
PKP2_Ile377Thr,3,0,1,0,0.0,33.33,0.0
PKP2_Ile487Ser,4,0,1,1,0.0,25.0,25.0
PKP2_Leu481Arg,1,0,1,0,0.0,100.0,0.0
PKP2_Met365Val,3,0,1,0,0.0,33.33,0.0
PKP2_Phe424Ser,5,0,1,0,0.0,20.0,0.0
PKP2_Ser571Thr,1,0,0,0,0.0,0.0,0.0
PKP2_Thr242Met,3,0,0,1,0.0,0.0,33.33
PKP2_Thr482Met,1,0,1,0,0.0,100.0,0.0
PLP1_Asp168His,7,5,1,1,71.43,14.29,14.29
PLP1_Cys193Tyr,8,2,0,6,25.0,0.0,75.0
PLP1_Gly74Arg,9,0,1,8,0.0,11.11,88.89
PLP1_Ile152Thr,7,3,3,1,42.86,42.86,14.29
PLP1_Leu189Pro,9,2,4,3,22.22,44.44,33.33
PLP1_Pro181Ser,8,5,2,1,62.5,25.0,12.5
PLP1_Ser135Phe,9,6,1,2,66.67,11.11,22.22
PLP1_Thr147Pro,9,2,1,6,22.22,11.11,66.67
PLP1_Thr43Ile,9,4,2,3,44.44,22.22,33.33
PLP1_Trp128Arg,9,0,0,9,0.0,0.0,100.0
PLP1_Val184Phe,9,5,2,2,55.56,22.22,22.22
PMP22_Arg157Trp,9,4,1,0,44.44,11.11,0.0
PMP22_Asp37Val,8,3,1,0,37.5,12.5,0.0
PMP22_Gly150Cys,7,3,0,0,42.86,0.0,0.0
PNKP_Glu326Lys,13,3,3,7,23.08,23.08,53.85
PRKAR1A_Arg335Pro,1,1,0,0,100.0,0.0,0.0
PRKAR1A_Met1Val,5,4,1,0,80.0,20.0,0.0
PRKAR1A_Tyr373His,5,4,0,1,80.0,0.0,20.0
PRPS1_Leu129Ile,1,0,0,1,0.0,0.0,100.0
PTS_Arg25Gln,1,0,1,0,0.0,100.0,0.0
PTS_Asp116Gly,1,0,1,0,0.0,100.0,0.0
PYGL_Asp629Tyr,2,1,1,0,50.0,50.0,0.0
PYGL_Leu739Met,2,2,0,0,100.0,0.0,0.0
PYGL_Pro382Leu,2,1,1,0,50.0,50.0,0.0
PYGL_Val456Met,2,2,0,0,100.0,0.0,0.0
RAD51D_Ala231Ser,18,7,1,0,38.89,5.56,0.0
RAD51D_Cys9Ser,18,4,4,0,22.22,22.22,0.0
RAD51D_Glu307Lys,19,7,0,2,36.84,0.0,10.53
RAD51D_Gly289Ser,19,8,0,0,42.11,0.0,0.0
RAD51D_His23Arg,19,4,4,0,21.05,21.05,0.0
RAD51D_Ile251Val,18,8,0,0,44.44,0.0,0.0
RAD51D_Met308Val,19,8,1,0,42.11,5.26,0.0
RAD51D_Phe305Leu,19,8,0,0,42.11,0.0,0.0
RAD51D_Thr27Lys,18,5,1,2,27.78,5.56,11.11
RAD51D_Thr328Ile,19,6,3,0,31.58,15.79,0.0
RAD51D_Val132Ile,18,3,3,2,16.67,16.67,11.11
RAD51D_Val28Leu,19,5,2,1,26.32,10.53,5.26
RAD51D_Val56Gly,19,7,1,0,36.84,5.26,0.0
RAD51D_Val66Leu,19,7,1,0,36.84,5.26,0.0
RAD51D_Val66Met,19,8,0,0,42.11,0.0,0.0
RP2_Ala277Thr,3,0,2,0,0.0,66.67,0.0
RP2_Arg118His,3,1,1,0,33.33,33.33,0.0
RP2_Arg118Leu,3,1,1,0,33.33,33.33,0.0
RP2_Arg218Ser,3,1,1,0,33.33,33.33,0.0
RP2_Arg23Gln,3,1,1,0,33.33,33.33,0.0
RP2_Arg282Gln,3,1,1,0,33.33,33.33,0.0
RP2_Arg282Trp,3,1,1,0,33.33,33.33,0.0
RP2_Asn217Ser,3,1,1,0,33.33,33.33,0.0
RP2_Asp161Tyr,3,1,1,0,33.33,33.33,0.0
RP2_Asp255Glu,3,1,1,0,33.33,33.33,0.0
RP2_Cys105Tyr,3,0,0,2,0.0,0.0,66.67
RP2_Cys110Arg,3,0,0,2,0.0,0.0,66.67
RP2_Cys86Tyr,3,0,0,2,0.0,0.0,66.67
RP2_Gln134Arg,3,1,1,0,33.33,33.33,0.0
RP2_Glu256Asp,3,1,1,0,33.33,33.33,0.0
RP2_Gly261Cys,3,1,1,0,33.33,33.33,0.0
RP2_Gly261Val,3,1,1,0,33.33,33.33,0.0
RP2_Gly306Asp,3,1,1,0,33.33,33.33,0.0
RP2_Gly349Ala,3,0,2,0,0.0,66.67,0.0
RP2_Gly94Arg,3,0,0,2,0.0,0.0,66.67
RP2_Ile223Val,3,1,1,0,33.33,33.33,0.0
RP2_Ile314Thr,3,1,2,0,33.33,66.67,0.0
RP2_Ile91Leu,3,1,1,0,33.33,33.33,0.0
RP2_Leu253Arg,3,0,1,1,0.0,33.33,33.33
RP2_Lys10Glu,3,0,2,0,0.0,66.67,0.0
RP2_Lys144Arg,3,1,1,0,33.33,33.33,0.0
RP2_Lys7Gln,3,1,1,0,33.33,33.33,0.0
RP2_Met257Ile,3,0,0,2,0.0,0.0,66.67
RP2_Met41Thr,3,0,2,0,0.0,66.67,0.0
RP2_Pro179Ser,3,1,1,0,33.33,33.33,0.0
RP2_Pro17Ser,3,1,1,0,33.33,33.33,0.0
RP2_Pro54Leu,3,0,2,0,0.0,66.67,0.0
RP2_Thr87Ile,3,1,1,0,33.33,33.33,0.0
RP2_Tyr198Cys,3,1,1,0,33.33,33.33,0.0
RP2_Val210Ile,3,1,1,0,33.33,33.33,0.0
RP2_Val297Leu,3,1,1,0,33.33,33.33,0.0
SCARB2_Arg121Gln,1,0,0,0,0.0,0.0,0.0
SCARB2_Gly462Glu,1,0,0,0,0.0,0.0,0.0
SCARB2_His363Asn,1,0,0,0,0.0,0.0,0.0
SCARB2_Val396Ile,1,0,0,0,0.0,0.0,0.0
SDHD_Ala90Glu,1,0,0,0,0.0,0.0,0.0
SDHD_Ala90Val,1,0,0,0,0.0,0.0,0.0
SDHD_Glu69Lys,1,0,0,0,0.0,0.0,0.0
SDHD_Gly106Val,1,0,0,0,0.0,0.0,0.0
SDHD_Gly138Val,1,0,0,0,0.0,0.0,0.0
SDHD_His102Arg,1,0,0,0,0.0,0.0,0.0
SDHD_His102Leu,1,0,0,0,0.0,0.0,0.0
SDHD_His102Pro,1,0,0,0,0.0,0.0,0.0
SDHD_His50Arg,1,0,0,0,0.0,0.0,0.0
SDHD_Ile31Val,1,0,0,0,0.0,0.0,0.0
SDHD_Leu139Pro,1,0,0,0,0.0,0.0,0.0
SDHD_Leu85Phe,1,0,0,0,0.0,0.0,0.0
SDHD_Phe34Cys,1,0,0,0,0.0,0.0,0.0
SDHD_Pro81Leu,1,0,0,0,0.0,0.0,0.0
SDHD_Ser68Gly,1,0,0,0,0.0,0.0,0.0
SDHD_Tyr114Cys,1,0,0,0,0.0,0.0,0.0
SDHD_Tyr114His,1,0,0,0,0.0,0.0,0.0
SDHD_Val111Ile,1,0,0,0,0.0,0.0,0.0
SFTPC_Ala116Asp,5,3,1,1,60.0,20.0,20.0
SFTPC_Arg167Gln,5,5,0,0,100.0,0.0,0.0
SFTPC_Glu66Lys,5,4,1,0,80.0,20.0,0.0
SFTPC_Ile73Thr,5,5,0,0,100.0,0.0,0.0
SFTPC_Leu194Pro,5,4,1,0,80.0,20.0,0.0
SH3BP2_Arg415Gln,2,1,1,0,50.0,50.0,0.0
SH3BP2_Pro418Arg,2,1,1,0,50.0,50.0,0.0
SH3BP2_Pro418His,2,2,0,0,100.0,0.0,0.0
SH3BP2_Pro418Leu,2,1,1,0,50.0,50.0,0.0
SIX1_Val106Gly,4,3,1,0,75.0,25.0,0.0
SMARCB1_Arg37His,1,1,0,0,100.0,0.0,0.0
SMARCB1_Pro48Leu,1,0,0,1,0.0,0.0,100.0
STAR_Arg182His,2,0,1,0,0.0,50.0,0.0
STAR_Arg182Leu,2,1,0,0,50.0,0.0,0.0
STAR_Arg188Cys,2,0,0,1,0.0,0.0,50.0
STAR_Val187Met,2,0,0,1,0.0,0.0,50.0
STXBP1_Arg190Gln,6,0,0,5,0.0,0.0,83.33
STXBP1_Arg190Trp,6,1,2,2,16.67,33.33,33.33
STXBP1_Arg235Gln,5,0,0,5,0.0,0.0,100.0
STXBP1_Arg305Gln,6,1,2,2,16.67,33.33,33.33
STXBP1_Arg406His,5,1,0,3,20.0,0.0,60.0
STXBP1_Arg406Leu,6,0,0,5,0.0,0.0,83.33
STXBP1_Arg505His,6,2,2,1,33.33,33.33,16.67
STXBP1_Arg551Leu,6,0,0,5,0.0,0.0,83.33
STXBP1_Asn398Ser,6,1,1,3,16.67,16.67,50.0
STXBP1_Asn548Asp,3,0,0,3,0.0,0.0,100.0
STXBP1_Asp238Glu,6,0,0,5,0.0,0.0,83.33
STXBP1_Cys180Tyr,6,1,0,4,16.67,0.0,66.67
STXBP1_Cys354Arg,2,0,1,1,0.0,50.0,50.0
STXBP1_Gly417Asp,6,2,2,1,33.33,33.33,16.67
STXBP1_Gly544Asp,2,0,0,2,0.0,0.0,100.0
STXBP1_His245Arg,2,0,0,2,0.0,0.0,100.0
STXBP1_Leu183Pro,6,0,1,4,0.0,16.67,66.67
STXBP1_Leu256Pro,6,0,0,5,0.0,0.0,83.33
STXBP1_Leu291Pro,6,0,1,4,0.0,16.67,66.67
STXBP1_Leu365Phe,6,0,0,5,0.0,0.0,83.33
STXBP1_Leu426Pro,6,0,0,5,0.0,0.0,83.33
STXBP1_Lys196Arg,6,1,3,1,16.67,50.0,16.67
STXBP1_Lys333Glu,6,1,2,2,16.67,33.33,33.33
STXBP1_Met443Arg,6,0,0,5,0.0,0.0,83.33
STXBP1_Pro335Leu,2,1,0,1,50.0,0.0,50.0
STXBP1_Pro480Leu,6,0,1,4,0.0,16.67,66.67
STXBP1_Pro94Leu,6,2,3,0,33.33,50.0,0.0
STXBP1_Thr248Ile,5,0,1,3,0.0,20.0,60.0
STXBP1_Thr419Met,6,0,3,2,0.0,50.0,33.33
STXBP1_Tyr411His,6,1,3,1,16.67,50.0,16.67
STXBP1_Val451Ile,6,2,3,0,33.33,50.0,0.0
SUOX_Ala265Asp,23,20,1,0,86.96,4.35,0.0
SUOX_Gly530Asp,23,19,2,0,82.61,8.7,0.0
THAP1_Gly9Cys,2,1,1,0,50.0,50.0,0.0
THAP1_Lys89Arg,2,2,0,0,100.0,0.0,0.0
TH_Ala226Thr,2,0,1,0,0.0,50.0,0.0
TH_Arg306His,2,0,0,1,0.0,0.0,50.0
TH_Gln39Glu,2,1,0,0,50.0,0.0,0.0
TH_Glu250Gln,2,0,0,1,0.0,0.0,50.0
TH_Glu27Asp,2,1,0,0,50.0,0.0,0.0
TH_Ile209Met,2,0,1,0,0.0,50.0,0.0
TH_Pro121Leu,2,0,0,1,0.0,0.0,50.0
TH_Thr245Pro,2,1,0,0,50.0,0.0,0.0
TH_Thr283Met,2,0,0,1,0.0,0.0,50.0
TH_Thr463Met,2,0,0,1,0.0,0.0,50.0
TH_Val136Met,2,1,0,0,50.0,0.0,0.0
TH_Val468Met,2,0,1,0,0.0,50.0,0.0
TMEM43_Arg28Trp,2,2,0,0,100.0,0.0,0.0
TMEM43_Arg312Trp,2,0,0,2,0.0,0.0,100.0
TMEM43_Glu142Lys,2,1,0,1,50.0,0.0,50.0
TMEM43_Ile91Val,2,1,1,0,50.0,50.0,0.0
TMEM43_Tyr371His,2,2,0,0,100.0,0.0,0.0
TPK1_Asn50His,1,1,0,0,100.0,0.0,0.0
TPM1_Ala22Thr,2,2,0,0,100.0,0.0,0.0
TPM1_Ala239Thr,1,1,0,0,100.0,0.0,0.0
TPM1_Ala277Val,2,0,2,0,0.0,100.0,0.0
TPM1_Ala63Val,2,2,0,0,100.0,0.0,0.0
TPM1_Arg160His,2,2,0,0,100.0,0.0,0.0
TPM1_Arg238Trp,2,2,0,0,100.0,0.0,0.0
TPM1_Asn279His,2,0,0,2,0.0,0.0,100.0
TPM1_Asp175Asn,2,2,0,0,100.0,0.0,0.0
TPM1_Asp230Asn,2,1,1,0,50.0,50.0,0.0
TPM1_Glu180Val,1,1,0,0,100.0,0.0,0.0
TPM1_Glu40Lys,2,2,0,0,100.0,0.0,0.0
TPM1_Glu54Lys,2,1,0,1,50.0,0.0,50.0
TPM1_Ile172Thr,1,1,0,0,100.0,0.0,0.0
TPM1_Ile92Thr,2,1,1,0,50.0,50.0,0.0
TPM1_Leu185Arg,2,2,0,0,100.0,0.0,0.0
TPM1_Lys248Glu,2,1,1,0,50.0,50.0,0.0
TPM1_Met8Arg,2,2,0,0,100.0,0.0,0.0
TPM1_Ser215Leu,2,2,0,0,100.0,0.0,0.0
TPM1_Val95Ala,2,2,0,0,100.0,0.0,0.0
TSFM_Ala174Val,5,2,0,0,40.0,0.0,0.0
TSFM_Ala20Val,5,2,0,0,40.0,0.0,0.0
TSFM_Ala78Val,5,0,1,1,0.0,20.0,20.0
TSFM_Arg130Gly,5,2,0,0,40.0,0.0,0.0
TSFM_Arg254Cys,5,0,0,2,0.0,0.0,40.0
TSFM_Arg255Cys,5,0,1,1,0.0,20.0,20.0
TSFM_Arg25Ser,5,1,1,0,20.0,20.0,0.0
TSFM_Arg39Leu,5,2,0,0,40.0,0.0,0.0
TSFM_Arg8Cys,5,1,0,1,20.0,0.0,20.0
TSFM_Cys240Arg,5,0,0,2,0.0,0.0,40.0
TSFM_Cys240Ser,5,0,0,2,0.0,0.0,40.0
TSFM_Cys64Tyr,5,0,1,1,0.0,20.0,20.0
TSFM_Gly162Ser,5,0,1,1,0.0,20.0,20.0
TSFM_Gly180Ala,5,2,0,0,40.0,0.0,0.0
TSFM_Gly21Ala,5,1,1,0,20.0,20.0,0.0
TSFM_Gly276Arg,5,1,0,1,20.0,0.0,20.0
TSFM_Gly73Ala,5,2,0,0,40.0,0.0,0.0
TSFM_Gly90Asp,5,2,0,0,40.0,0.0,0.0
TSFM_His259Tyr,5,0,0,2,0.0,0.0,40.0
TSFM_Leu266Ile,5,1,1,0,20.0,20.0,0.0
TSFM_Leu266Val,5,0,0,2,0.0,0.0,40.0
TSFM_Pro38Ser,5,2,0,0,40.0,0.0,0.0
TSFM_Ser293Phe,5,0,1,1,0.0,20.0,20.0
TSFM_Ser2Leu,5,2,0,0,40.0,0.0,0.0
TSFM_Thr33Ala,4,2,0,0,50.0,0.0,0.0
TSFM_Trp91Gly,5,2,0,0,40.0,0.0,0.0
TSFM_Tyr216Phe,5,0,0,2,0.0,0.0,40.0
TSFM_Val12Phe,5,2,0,0,40.0,0.0,0.0
TSFM_Val252Ile,5,1,1,0,20.0,20.0,0.0
TTR_Ala117Gly,1,0,0,1,0.0,0.0,100.0
TTR_Ala117Ser,1,1,0,0,100.0,0.0,0.0
TTR_Ala129Thr,1,0,0,1,0.0,0.0,100.0
TTR_Ala129Val,1,0,1,0,0.0,100.0,0.0
TTR_Ala56Pro,1,1,0,0,100.0,0.0,0.0
TTR_Asp38Gly,1,0,0,1,0.0,0.0,100.0
TTR_Glu109Gln,1,1,0,0,100.0,0.0,0.0
TTR_Gly67Arg,1,0,0,1,0.0,0.0,100.0
TTR_Ile127Val,1,1,0,0,100.0,0.0,0.0
TTR_Ile88Leu,1,1,0,0,100.0,0.0,0.0
TTR_Leu75Pro,1,0,1,0,0.0,100.0,0.0
TTR_Phe53Ile,1,0,1,0,0.0,100.0,0.0
TTR_Phe64Leu,1,0,1,0,0.0,100.0,0.0
TTR_Phe64Ser,1,0,1,0,0.0,100.0,0.0
TTR_Thr69Ala,1,0,0,1,0.0,0.0,100.0
TTR_Val40Ile,1,0,1,0,0.0,100.0,0.0
TTR_Val50Ala,1,0,1,0,0.0,100.0,0.0
TTR_Val50Gly,1,0,0,1,0.0,0.0,100.0
UBQLN2_Pro497His,35,30,4,0,85.71,11.43,0.0
UBQLN2_Pro497Ser,35,26,6,2,74.29,17.14,5.71
UBQLN2_Pro506Thr,35,27,7,0,77.14,20.0,0.0
UBQLN2_Pro509Ser,35,28,6,0,80.0,17.14,0.0
UBQLN2_Pro525Ser,35,31,3,0,88.57,8.57,0.0
UROD_Arg332His,1,1,0,0,100.0,0.0,0.0
UROD_Glu167Lys,1,0,1,0,0.0,100.0,0.0
UROD_Gly281Val,1,1,0,0,100.0,0.0,0.0
UROD_Met165Arg,1,0,0,1,0.0,0.0,100.0
UROD_Tyr311Cys,1,0,1,0,0.0,100.0,0.0
VAPB_Asp130Glu,10,1,0,0,10.0,0.0,0.0
VAPB_Asp162Glu,9,1,0,0,11.11,0.0,0.0
VAPB_Pro56Ser,10,1,0,0,10.0,0.0,0.0
VAPB_Thr46Ile,10,1,0,0,10.0,0.0,0.0
VHL_Arg126Gly,1,1,0,0,100.0,0.0,0.0
VHL_Arg126Trp,1,0,0,1,0.0,0.0,100.0
VHL_Cys121Phe,1,0,0,1,0.0,0.0,100.0
VHL_Gln123Arg,1,1,0,0,100.0,0.0,0.0
VHL_Glu145Lys,1,0,1,0,0.0,100.0,0.0
VHL_Glu52Lys,1,1,0,0,100.0,0.0,0.0
VHL_Glu70Lys,1,0,1,0,0.0,100.0,0.0
VHL_His150Asp,1,1,0,0,100.0,0.0,0.0
VHL_Leu122Pro,1,1,0,0,100.0,0.0,0.0
VHL_Pro25Leu,1,0,1,0,0.0,100.0,0.0
VHL_Pro81Ser,1,0,0,1,0.0,0.0,100.0
VHL_Ser65Trp,1,0,1,0,0.0,100.0,0.0
VHL_Tyr112His,1,0,0,1,0.0,0.0,100.0
VHL_Tyr134Cys,1,0,1,0,0.0,100.0,0.0
VHL_Val125Ala,1,1,0,0,100.0,0.0,0.0
XRCC2_Phe270Val,2,1,0,0,50.0,0.0,0.0
ZMYND_Leu266Pro,2,0,0,1,0.0,0.0,50.0
ZMYND_Val16Gly,2,0,0,1,0.0,0.0,50.0
