symbol,gene_allele,source_plate,source_well,source_numb,dest_plate,dest_well,dest_numb,imaging_well,imaging_plate_R1,imaging_plate_R2,node_type,orf_id_wt,nt_change_cdna,aa_change,ccsb_mutation_id,hgmd_ID,clinvar_allele_ID,clinvar_clinical_significance,sequencing_confidence,gene,allele,final_gene_allele
ADIPOR1,ADIPOR1_,GDEhPD-RefORF,C07,51,527_PD_Array_P01,A01,1,A01,B18A8A10R1_P1,B19A8A10R1_P1,disease_wt,3072,,,NULL,,,,,,,
ADIPOR1,ADIPOR1_Tyr353Cys,GDEh_PD23mut_001,C05,35,527_PD_Array_P01,B01,2,C01,B18A8A10R1_P1,B19A8A10R1_P1,allele,3072,1058A>G,Tyr353Cys,CCSBVarC039079,,,,,,,
ADIPOR2,ADIPOR2_,GDEhPD-RefORF,B04,26,527_PD_Array_P01,C01,3,E01,B18A8A10R1_P1,B19A8A10R1_P1,disease_wt,11787,,,NULL,,,,,,,
ADIPOR2,ADIPOR2_Ser381Asn,GDEh_PD23mut_001,G05,39,527_PD_Array_P01,D01,4,G01,B18A8A10R1_P1,B19A8A10R1_P1,allele,11787,1142G>A,Ser381Asn,CCSBVarC039109,,,,,,,
ARFGAP3,ARFGAP3_,GDEhPD-RefORF,G05,39,527_PD_Array_P01,E01,5,I01,B18A8A10R1_P1,B19A8A10R1_P1,disease_wt,4400,,,NULL,,,,,,,
ARFGAP3,ARFGAP3_Met431Thr,GDEh_PD23mut_002,B10,74,527_PD_Array_P01,F01,6,K01,B18A8A10R1_P1,B19A8A10R1_P1,allele,4400,1292T>C,Met431Thr,CCSBVarC039128,,,,,,,
ARFGAP3,ARFGAP3_Phe488Leu,GDEh_PD23mut_002,F09,70,527_PD_Array_P01,G01,7,M01,B18A8A10R1_P1,B19A8A10R1_P1,allele,4400,1464C>G,Phe488Leu,CCSBVarC039158,,,,,,,
ARFGAP3,ARFGAP3_Ser231Gly,GDEh_PD23mut_003,B02,10,527_PD_Array_P01,H01,8,O01,B18A8A10R1_P1,B19A8A10R1_P1,allele,4400,691A>G,Ser231Gly,CCSBVarC039180,,,,,,,
ARFGAP3,ARFGAP3_Tyr378Cys,GDEh_PD23mut_002,G09,71,527_PD_Array_P01,A02,9,A03,B18A8A10R1_P1,B19A8A10R1_P1,allele,4400,1133A>G,Tyr378Cys,CCSBVarC039038,,,,,,,
ARFGAP3,ARFGAP3_Val320Leu,GDEh_PD23mut_002,A10,73,527_PD_Array_P01,B02,10,C03,B18A8A10R1_P1,B19A8A10R1_P1,allele,4400,958G>C,Val320Leu,CCSBVarC039037,,,,,,,
ARFGAP3,ARFGAP3_Val320Leu,PD-Iris-Var1,B02,10,527_PD_Array_P01,C02,11,E03,B18A8A10R1_P1,B19A8A10R1_P1,allele,4400,958G>C,Val320Leu,CCSBVarC039037,,,,,,,
ATP2C2,ATP2C2_,GDEhPD-RefORF,F07,54,527_PD_Array_P01,D02,12,G03,B18A8A10R1_P1,B19A8A10R1_P1,disease_wt,100062156,,,NULL,,,,,,,
ATP2C2,ATP2C2_Met466Leu,GDEh_PD23mut_003,H05,40,527_PD_Array_P01,E02,13,I03,B18A8A10R1_P1,B19A8A10R1_P1,allele,100062156,1396A>T,Met466Leu,CCSBVarC039206,,,,,,,
BST1,BST1_,GDEhPD-RefORF,D06,44,527_PD_Array_P01,F02,14,K03,B18A8A10R1_P1,B19A8A10R1_P1,disease_wt,7136,,,NULL,,,,,,,
BST1,BST1_Arg160Gln,GDEh_PD23mut_001,A03,17,527_PD_Array_P01,G02,15,M03,B18A8A10R1_P1,B19A8A10R1_P1,allele,7136,434G>A,Arg160Gln,CCSBVarC039062,,,,,,,
CALM3,CALM3_,GDEhPD-RefORF,F02,14,527_PD_Array_P01,H02,16,O03,B18A8A10R1_P1,B19A8A10R1_P1,disease_wt,3484,,,NULL,,,,,,,
CALM3,CALM3_Asp132Glu,PD-Iris-Var1,G01,7,527_PD_Array_P01,A03,17,A05,B18A8A10R1_P1,B19A8A10R1_P1,allele,3484,396T>A,Asp132Glu,CCSBVarC020308,,,,,,,
CALM3,CALM3_Asp94Ala,PD-Iris-Var1,F01,6,527_PD_Array_P01,B03,18,C05,B18A8A10R1_P1,B19A8A10R1_P1,allele,3484,281A>C,Asp94Ala,CCSBVarC020295,,,,,,,
eGFP,eGFP,561 Controls ,,,527_PD_Array_P01,C03,,E05,B18A8A10R1_P1,B19A8A10R1_P1,TC,,,,,,,,,,,
CALM3,CALM3_Asp96His,GDEh_PD23mut_001,D01,4,527_PD_Array_P01,D03,20,G05,B18A8A10R1_P1,B19A8A10R1_P1,allele,3484,286G>C,Asp96His,CCSBVarC020297,,,,,,,
CALM3,CALM3_Gly135Asp,PD-Iris-Var1,H01,8,527_PD_Array_P01,E03,21,I05,B18A8A10R1_P1,B19A8A10R1_P1,allele,3484,404G>A,Gly135Asp,CCSBVarC039035,,,,,,,
COX10,COX10_,GDEhPD-RefORF,G04,31,527_PD_Array_P01,F03,22,K05,B18A8A10R1_P1,B19A8A10R1_P1,disease_wt,3583,,,NULL,,,,,,,
COX10,COX10_Arg409Trp,GDEh_PD23mut_002,B06,42,527_PD_Array_P01,G03,23,M05,B18A8A10R1_P1,B19A8A10R1_P1,allele,3583,1225C>T,Arg409Trp,CCSBVarC020664,,,,,,,
COX10,COX10_Gln149Ter,GDEh_PD23mut_002,A06,41,527_PD_Array_P01,H03,24,O05,B18A8A10R1_P1,B19A8A10R1_P1,allele,3583,445C>T,Gln149Ter,CCSBVarC039121,,,,,,,
CSNK1A1L,CSNK1A1L_,GDEhPD-RefORF,G03,23,527_PD_Array_P01,A04,25,A07,B18A8A10R1_P1,B19A8A10R1_P1,disease_wt,1995,,,NULL,,,,,,,
CSNK1A1L,CSNK1A1L_Arg170Ser,GDEh_PD23mut_001,A04,25,527_PD_Array_P01,B04,26,C07,B18A8A10R1_P1,B19A8A10R1_P1,allele,1995,510G>C,Arg170Ser,CCSBVarC039063,,,,,,,
CSNK1D,CSNK1D_,GDEhPD-RefORF,D04,28,527_PD_Array_P01,C04,27,E07,B18A8A10R1_P1,B19A8A10R1_P1,disease_wt,3787,,,NULL,,,,,,,
ALK,ALK_,527 Controls ,,,527_PD_Array_P01,D04,,G07,B18A8A10R1_P1,B19A8A10R1_P1,PC,,,,,,,,,,,
CSNK1D,CSNK1D_Arg259Cys,GDEh_PD23mut_002,G05,39,527_PD_Array_P01,E04,29,I07,B18A8A10R1_P1,B19A8A10R1_P1,allele,3787,775C>T,Arg259Cys,CCSBVarC039161,,,,,,,
CSNK1D,CSNK1D_Thr44Ala,PD-Iris-Var1,A02,9,527_PD_Array_P01,F04,30,K07,B18A8A10R1_P1,B19A8A10R1_P1,allele,3787,130A>G,Thr44Ala,CCSBVarC039036,,,,,,,
CSNK1G2,CSNK1G2_,GDEhPD-RefORF,E05,37,527_PD_Array_P01,G04,31,M07,B18A8A10R1_P1,B19A8A10R1_P1,disease_wt,12428,,,NULL,,,,,,,
CSNK1G2,CSNK1G2_Gly109Ser,GDEh_PD23mut_001,H10,80,527_PD_Array_P01,H04,32,O07,B18A8A10R1_P1,B19A8A10R1_P1,allele,12428,325G>A,Gly109Ser,CCSBVarC039117,,,,,,,
CSNK1G3,CSNK1G3_,GDEhPD-RefORF,F06,46,527_PD_Array_P01,A05,33,A09,B18A8A10R1_P1,B19A8A10R1_P1,disease_wt,71096,,,NULL,,,,,,,
CSNK1G3,CSNK1G3_Thr133Ile,GDEh_PD23mut_002,H05,40,527_PD_Array_P01,B05,34,C09,B18A8A10R1_P1,B19A8A10R1_P1,allele,71096,398C>T,Thr133Ile,CCSBVarC039170,,,,,,,
FBXL4,FBXL4_,GDEhPD-RefORF,A07,49,527_PD_Array_P01,C05,35,E09,B18A8A10R1_P1,B19A8A10R1_P1,disease_wt,71172,,,NULL,,,,,,,
FBXL4,FBXL4_Gly568Ala,GDEh_PD23mut_003,H04,32,527_PD_Array_P01,D05,36,G09,B18A8A10R1_P1,B19A8A10R1_P1,allele,71172,1703G>C,Gly568Ala,CCSBVarC033661,,,,,,,
ALK,ALK_Arg1275Gln,527 Controls ,,,527_PD_Array_P01,E05,,I09,B18A8A10R1_P1,B19A8A10R1_P1,PC,,,,,,,,,,,
FBXL4,FBXL4_Val140Ala,GDEh_PD23mut_003,B05,34,527_PD_Array_P01,F05,38,K09,B18A8A10R1_P1,B19A8A10R1_P1,allele,71172,419T>C,Val140Ala,CCSBVarC033523,,,,,,,
GBA,GBA_,GDEhPD-GBA-Var1,A01,1,527_PD_Array_P01,G05,39,M09,B18A8A10R1_P1,B19A8A10R1_P1,disease_wt,2,,,NULL,,,,,,,
GBA,GBA_ALA215ASP,GDEhPD-GBA-Var1,D07,52,527_PD_Array_P01,H05,40,O09,B18A8A10R1_P1,B19A8A10R1_P1,allele,2,644C>A,ALA215ASP,CCSBVarC038954,,,,,,,
GBA,GBA_Ala300Thr,GDEhPD-GBA-Var1,F09,70,527_PD_Array_P01,A06,41,A11,B18A8A10R1_P1,B19A8A10R1_P1,allele,2,898G>A,Ala300Thr,CCSBVarC039005,,,,,,,
GBA,GBA_Ala308Thr,GDEhPD-GBA-Var1,D10,76,527_PD_Array_P01,B06,42,C11,B18A8A10R1_P1,B19A8A10R1_P1,allele,2,922G>A,Ala308Thr,CCSBVarC039009,,,,,,,
GBA,GBA_ALA348GLY,GDEhPD-GBA-Var1,C11,83,527_PD_Array_P01,C06,43,E11,B18A8A10R1_P1,B19A8A10R1_P1,allele,2,1043C>G,ALA348GLY,CCSBVarC038903,,,,,,,
GBA,GBA_Ala348Val,GDEh_PD23mut_002,D12,92,527_PD_Array_P01,D06,44,G11,B18A8A10R1_P1,B19A8A10R1_P1,allele,2,1043C>T,Ala348Val,CCSBVarC038904,,,,,,,
GBA,GBA_ALA348VAL,GDEhPD-GBA-Var1,D11,84,527_PD_Array_P01,E06,45,I11,B18A8A10R1_P1,B19A8A10R1_P1,allele,2,1043C>T,ALA348VAL,CCSBVarC038904,,,,,,,
,,,,,527_PD_Array_P01,F06,,K11,B18A8A10R1_P1,B19A8A10R1_P1,,,,,,,,,,,,
GBA,GBA_Ala485Thr,GDEhPD-GBA-Var2,A12,89,527_PD_Array_P01,G06,47,M11,B18A8A10R1_P1,B19A8A10R1_P1,allele,2,1453G>A,Ala485Thr,CCSBVarC038982,,,,,,,
GBA,GBA_Ala495Pro,GDEhPD-GBA-Var2,B10,74,527_PD_Array_P01,H06,48,O11,B18A8A10R1_P1,B19A8A10R1_P1,allele,2,1483G>C,Ala495Pro,CCSBVarC003889,,,,,,,
GBA,GBA_ALA59THR,GDEhPD-GBA-Var1,F03,22,527_PD_Array_P01,A07,49,A13,B18A8A10R1_P1,B19A8A10R1_P1,allele,2,175G>A,ALA59THR,CCSBVarC038928,,,,,,,
GBA,GBA_ARG159TRP,GDEhPD-GBA-Var1,B05,34,527_PD_Array_P01,B07,50,C13,B18A8A10R1_P1,B19A8A10R1_P1,allele,2,475C>T,ARG159TRP,CCSBVarC038942,,,,,,,
GBA,GBA_Arg170Cys,GDEh_PD23mut_003,A01,1,527_PD_Array_P01,C07,51,E13,B18A8A10R1_P1,B19A8A10R1_P1,allele,2,508C>T,Arg170Cys,CCSBVarC038945,,,,,,,
GBA,GBA_ARG170CYS,GDEhPD-GBA-Var1,E05,37,527_PD_Array_P01,D07,52,G13,B18A8A10R1_P1,B19A8A10R1_P1,allele,2,508C>T,ARG170CYS,CCSBVarC038945,,,,,,,
GBA,GBA_ARG170LEU,GDEhPD-GBA-Var1,F05,38,527_PD_Array_P01,E07,53,I13,B18A8A10R1_P1,B19A8A10R1_P1,allele,2,509G>T,ARG170LEU,CCSBVarC038946,,,,,,,
MAPK9,MAPK9_,527 Controls ,,,527_PD_Array_P01,F07,,K13,B18A8A10R1_P1,B19A8A10R1_P1,NC,,,,,,,,,,,
GBA,GBA_ARG17GLY,GDEhPD-GBA-Var1,B02,10,527_PD_Array_P01,G07,55,M13,B18A8A10R1_P1,B19A8A10R1_P1,allele,2,49A>G,ARG17GLY,CCSBVarC038943,,,,,,,
GBA,GBA_Arg202Ter,GDEhPD-GBA-Var1,F06,46,527_PD_Array_P01,H07,56,O13,B18A8A10R1_P1,B19A8A10R1_P1,allele,2,604C>T,Arg202Ter,CCSBVarC038995,,,,,,,
GBA,GBA_Arg209Cys,GDEhPD-GBA-Var1,G06,47,527_PD_Array_P01,A08,57,A15,B18A8A10R1_P1,B19A8A10R1_P1,allele,2,625C>T,Arg209Cys,CCSBVarC003873,,,,,,,
GBA,GBA_ARG209HIS,GDEhPD-GBA-Var1,H06,48,527_PD_Array_P01,B08,58,C15,B18A8A10R1_P1,B19A8A10R1_P1,allele,2,626G>A,ARG209HIS,CCSBVarC038952,,,,,,,
GBA,GBA_Arg296Gln,GDEhPD-GBA-Var1,D09,68,527_PD_Array_P01,C08,59,E15,B18A8A10R1_P1,B19A8A10R1_P1,allele,2,887G>A,Arg296Gln,CCSBVarC000003,,,,,,,
GBA,GBA_Arg296Ter,GDEhPD-GBA-Var1,C09,67,527_PD_Array_P01,D08,60,G15,B18A8A10R1_P1,B19A8A10R1_P1,allele,2,886C>T,Arg296Ter,CCSBVarC039003,,,,,,,
RHEB,RHEB_,527 Controls ,,,527_PD_Array_P01,E08,,I15,B18A8A10R1_P1,B19A8A10R1_P1,NC,,,,,,,,,,,
GBA,GBA_ARG301CYS,GDEhPD-GBA-Var1,G09,71,527_PD_Array_P01,F08,62,K15,B18A8A10R1_P1,B19A8A10R1_P1,allele,2,901C>T,ARG301CYS,CCSBVarC038963,,,,,,,
GBA,GBA_ARG301HIS,GDEhPD-GBA-Var1,H09,72,527_PD_Array_P01,G08,63,M15,B18A8A10R1_P1,B19A8A10R1_P1,allele,2,902G>A,ARG301HIS,CCSBVarC038964,,,,,,,
GBA,GBA_ARG368HIS,GDEhPD-GBA-Var1,B12,90,527_PD_Array_P01,H08,64,O15,B18A8A10R1_P1,B19A8A10R1_P1,allele,2,1103G>A,ARG368HIS,CCSBVarC038906,,,,,,,
GBA,GBA_Arg392Gly,GDEh_PD23mut_002,B12,90,527_PD_Array_P01,A09,65,A17,B18A8A10R1_P1,B19A8A10R1_P1,allele,2,1174C>G,Arg392Gly,CCSBVarC039130,,,,,,,
GBA,GBA_Arg392Trp,GDEh_PD23mut_003,H03,24,527_PD_Array_P01,B09,66,C17,B18A8A10R1_P1,B19A8A10R1_P1,allele,2,1174C>T,Arg392Trp,CCSBVarC039205,,,,,,,
GBA,GBA_Arg398Ter,GDEhPD-GBA-Var2,A08,57,527_PD_Array_P01,C09,67,E17,B18A8A10R1_P1,B19A8A10R1_P1,allele,2,1192C>T,Arg398Ter,CCSBVarC038973,,,,,,,
SLIRP,SLIRP_,527 Controls ,,,527_PD_Array_P01,D09,,G17,B18A8A10R1_P1,B19A8A10R1_P1,NC,,,,,,,,,,,
GBA,GBA_ARG502CYS,GDEhPD-GBA-Var2,B11,82,527_PD_Array_P01,E09,69,I17,B18A8A10R1_P1,B19A8A10R1_P1,allele,2,1504C>T,ARG502CYS,CCSBVarC038923,,,,,,,
GBA,GBA_Arg534Cys,GDEhPD-GBA-Var2,E08,61,527_PD_Array_P01,F09,70,K17,B18A8A10R1_P1,B19A8A10R1_P1,allele,2,1600C>T,Arg534Cys,CCSBVarC038985,,,,,,,
GBA,GBA_Arg535Cys,GDEh_PD23mut_002,E11,85,527_PD_Array_P01,G09,71,M17,B18A8A10R1_P1,B19A8A10R1_P1,allele,2,1603C>T,Arg535Cys,CCSBVarC038986,,,,,,,
GBA,GBA_Arg535Cys,GDEhPD-GBA-Var2,B09,66,527_PD_Array_P01,H09,72,O17,B18A8A10R1_P1,B19A8A10R1_P1,allele,2,1603C>T,Arg535Cys,CCSBVarC038986,,,,,,,
GBA,GBA_ARG78CYS,GDEhPD-GBA-Var1,A04,25,527_PD_Array_P01,A10,73,A19,B18A8A10R1_P1,B19A8A10R1_P1,allele,2,232C>T,ARG78CYS,CCSBVarC038931,,,,,,,
GBA,GBA_Arg78His,GDEhPD-GBA-Var1,B04,26,527_PD_Array_P01,B10,74,C19,B18A8A10R1_P1,B19A8A10R1_P1,allele,2,233G>A,Arg78His,CCSBVarC038988,,,,,,,
PRAKCB,PRKACB_,527 Controls ,,,527_PD_Array_P01,C10,,E19,B18A8A10R1_P1,B19A8A10R1_P1,NC,,,,,,,,,,,
GBA,GBA_ARG83CYS,GDEhPD-GBA-Var1,C04,27,527_PD_Array_P01,D10,76,G19,B18A8A10R1_P1,B19A8A10R1_P1,allele,2,247C>T,ARG83CYS,CCSBVarC038932,,,,,,,
GBA,GBA_ARG8THR,GDEhPD-GBA-Var1,D01,4,527_PD_Array_P01,E10,77,I19,B18A8A10R1_P1,B19A8A10R1_P1,allele,2,23G>C,ARG8THR,CCSBVarC038929,,,,,,,
GBA,GBA_Asn227Lys,GDEh_PD23mut_002,F12,94,527_PD_Array_P01,F10,78,K19,B18A8A10R1_P1,B19A8A10R1_P1,allele,2,681T>G,Asn227Lys,CCSBVarC038956,,,,,,,
GBA,GBA_ASN227LYS,GDEhPD-GBA-Var1,G07,55,527_PD_Array_P01,G10,79,M19,B18A8A10R1_P1,B19A8A10R1_P1,allele,2,681T>G,ASN227LYS,CCSBVarC038956,,,,,,,
GBA,GBA_Asn314Ser,GDEhPD-GBA-Var1,E10,77,527_PD_Array_P01,H10,80,O19,B18A8A10R1_P1,B19A8A10R1_P1,allele,2,941A>G,Asn314Ser,CCSBVarC039010,,,,,,,
GBA,GBA_Asn409Ser,GDEhPD-GBA-Var2,C10,75,527_PD_Array_P01,A11,81,A21,B18A8A10R1_P1,B19A8A10R1_P1,allele,2,1226A>G,Asn409Ser,CCSBVarC003884,,,,,,,
GBA,GBA_Asn98Thr,GDEhPD-GBA-Var1,E04,29,527_PD_Array_P01,B11,82,C21,B18A8A10R1_P1,B19A8A10R1_P1,allele,2,293A>C,Asn98Thr,CCSBVarC038989,,,,,,,
GBA,GBA_Asp176Asn,GDEh_PD23mut_003,C04,27,527_PD_Array_P01,C11,83,E21,B18A8A10R1_P1,B19A8A10R1_P1,allele,2,526G>A,Asp176Asn,CCSBVarC038992,,,,,,,
GBA,GBA_Asp176Asn,GDEhPD-GBA-Var1,H05,40,527_PD_Array_P01,D11,84,G21,B18A8A10R1_P1,B19A8A10R1_P1,allele,2,526G>A,Asp176Asn,CCSBVarC038992,,,,,,,
GBA,GBA_ASP321GLY,GDEhPD-GBA-Var1,F10,78,527_PD_Array_P01,E11,85,I21,B18A8A10R1_P1,B19A8A10R1_P1,allele,2,962A>G,ASP321GLY,CCSBVarC038966,,,,,,,
GBA,GBA_Asp322Glu,GDEh_PD23mut_003,B03,18,527_PD_Array_P01,F11,86,K21,B18A8A10R1_P1,B19A8A10R1_P1,allele,2,966C>G,Asp322Glu,CCSBVarC039012,,,,,,,
GBA,GBA_Asp322Glu,GDEhPD-GBA-Var1,G10,79,527_PD_Array_P01,G11,87,M21,B18A8A10R1_P1,B19A8A10R1_P1,allele,2,966C>G,Asp322Glu,CCSBVarC039012,,,,,,,
GBA,GBA_Asp354His,GDEhPD-GBA-Var1,G11,87,527_PD_Array_P01,H11,88,O21,B18A8A10R1_P1,B19A8A10R1_P1,allele,2,1060G>C,Asp354His,CCSBVarC003882,,,,,,,
GBA,GBA_ASP419ASN,GDEhPD-GBA-Var2,B08,58,527_PD_Array_P01,A12,89,A23,B18A8A10R1_P1,B19A8A10R1_P1,allele,2,1255G>A,ASP419ASN,CCSBVarC038912,,,,,,,
GBA,GBA_Asp438Asn,GDEh_PD23mut_002,H11,88,527_PD_Array_P01,B12,90,C23,B18A8A10R1_P1,B19A8A10R1_P1,allele,2,1312G>A,Asp438Asn,CCSBVarC038979,,,,,,,
GBA,GBA_Asp448His,GDEh_PD23mut_002,G10,79,527_PD_Array_P01,C12,91,E23,B18A8A10R1_P1,B19A8A10R1_P1,allele,2,1342G>C,Asp448His,CCSBVarC039165,,,,,,,
GBA,GBA_Asp448Val,GDEhPD-GBA-Var2,C08,59,527_PD_Array_P01,D12,92,G23,B18A8A10R1_P1,B19A8A10R1_P1,allele,2,1343A>T,Asp448Val,CCSBVarC003886,,,,,,,
GBA,GBA_Asp482Asn,GDEhPD-GBA-Var2,E10,77,527_PD_Array_P01,E12,93,I23,B18A8A10R1_P1,B19A8A10R1_P1,allele,2,1444G>A,Asp482Asn,CCSBVarC003887,,,,,,,
GBA,GBA_Asp492Asn,GDEhPD-GBA-Var2,D08,60,527_PD_Array_P01,F12,94,K23,B18A8A10R1_P1,B19A8A10R1_P1,allele,2,1474G>A,Asp492Asn,CCSBVarC038983,,,,,,,
GBA,GBA_Asp492His,GDEhPD-GBA-Var2,A09,65,527_PD_Array_P01,G12,95,M23,B18A8A10R1_P1,B19A8A10R1_P1,allele,2,1474G>C,Asp492His,CCSBVarC038984,,,,,,,
GBA,GBA_ASP492VAL,GDEhPD-GBA-Var2,F09,70,527_PD_Array_P01,H12,96,O23,B18A8A10R1_P1,B19A8A10R1_P1,allele,2,1475A>T,ASP492VAL,CCSBVarC038920,,,,,,,
GBA,GBA_CYS11SER,GDEhPD-GBA-Var1,E01,5,527_PD_Array_P02,A01,1,A02,B18A8A10R1_P1,B19A8A10R1_P1,allele,2,31T>A,CYS11SER,CCSBVarC038934,,,,,,,
GBA,GBA_Cys381Gly,GDEh_PD23mut_003,A04,25,527_PD_Array_P02,B01,2,C02,B18A8A10R1_P1,B19A8A10R1_P1,allele,2,1141T>G,Cys381Gly,CCSBVarC039176,,,,,,,
GBA,GBA_GLN112TER,GDEhPD-GBA-Var1,F04,30,527_PD_Array_P02,C01,3,E02,B18A8A10R1_P1,B19A8A10R1_P1,allele,2,334C>T,GLN112TER,CCSBVarC038935,,,,,,,
GBA,GBA_Gln182His,GDEhPD-GBA-Var1,A06,41,527_PD_Array_P02,D01,4,G02,B18A8A10R1_P1,B19A8A10R1_P1,allele,2,546G>T,Gln182His,CCSBVarC038993,,,,,,,
GBA,GBA_Gln32Arg,GDEhPD-GBA-Var1,E02,13,527_PD_Array_P02,E01,5,I02,B18A8A10R1_P1,B19A8A10R1_P1,allele,2,95A>G,Gln32Arg,CCSBVarC039011,,,,,,,
GBA,GBA_GLN32HIS,GDEhPD-GBA-Var1,F02,14,527_PD_Array_P02,F01,6,K02,B18A8A10R1_P1,B19A8A10R1_P1,allele,2,96G>C,GLN32HIS,CCSBVarC038965,,,,,,,
GBA,GBA_Glu365Lys,GDEh_PD23mut_002,H10,80,527_PD_Array_P02,G01,7,M02,B18A8A10R1_P1,B19A8A10R1_P1,allele,2,1093G>A,Glu365Lys,CCSBVarC038905,,,,,,,
GBA,GBA_GLU365LYS,GDEhPD-GBA-Var1,A12,89,527_PD_Array_P02,H01,8,O02,B18A8A10R1_P1,B19A8A10R1_P1,allele,2,1093G>A,GLU365LYS,CCSBVarC038905,,,,,,,
GBA,GBA_Glu427Lys,GDEh_PD23mut_003,A03,17,527_PD_Array_P02,A02,9,A04,B18A8A10R1_P1,B19A8A10R1_P1,allele,2,1279G>A,Glu427Lys,CCSBVarC039175,,,,,,,
GBA,GBA_Glu427Ter,GDEhPD-GBA-Var2,G08,63,527_PD_Array_P02,B02,10,C04,B18A8A10R1_P1,B19A8A10R1_P1,allele,2,1279G>T,Glu427Ter,CCSBVarC038977,,,,,,,
GBA,GBA_GLY154ARG,GDEhPD-GBA-Var1,H04,32,527_PD_Array_P02,C02,11,E04,B18A8A10R1_P1,B19A8A10R1_P1,allele,2,460G>A,GLY154ARG,CCSBVarC038940,,,,,,,
GBA,GBA_GLY232GLU,GDEhPD-GBA-Var1,A08,57,527_PD_Array_P02,D02,12,G04,B18A8A10R1_P1,B19A8A10R1_P1,allele,2,695G>A,GLY232GLU,CCSBVarC038958,,,,,,,
GBA,GBA_Gly234Glu,GDEh_PD23mut_003,B04,26,527_PD_Array_P02,E02,13,I04,B18A8A10R1_P1,B19A8A10R1_P1,allele,2,701G>A,Gly234Glu,CCSBVarC038959,,,,,,,
GBA,GBA_GLY234GLU,GDEhPD-GBA-Var1,B08,58,527_PD_Array_P02,F02,14,K04,B18A8A10R1_P1,B19A8A10R1_P1,allele,2,701G>A,GLY234GLU,CCSBVarC038959,,,,,,,
GBA,GBA_Gly241Arg,GDEh_PD23mut_002,B11,82,527_PD_Array_P02,G02,15,M04,B18A8A10R1_P1,B19A8A10R1_P1,allele,2,721G>A,Gly241Arg,CCSBVarC039129,,,,,,,
GBA,GBA_Gly289Ala,GDEhPD-GBA-Var1,B09,66,527_PD_Array_P02,H02,16,O04,B18A8A10R1_P1,B19A8A10R1_P1,allele,2,866G>C,Gly289Ala,CCSBVarC039002,,,,,,,
GBA,GBA_Gly416Ser,GDEh_PD23mut_003,G02,15,527_PD_Array_P02,A03,17,A06,B18A8A10R1_P1,B19A8A10R1_P1,allele,2,1246G>A,Gly416Ser,CCSBVarC038911,,,,,,,
GBA,GBA_GLY416SER,GDEhPD-GBA-Var2,G11,87,527_PD_Array_P02,B03,18,C06,B18A8A10R1_P1,B19A8A10R1_P1,allele,2,1246G>A,GLY416SER,CCSBVarC038911,,,,,,,
eGFP,eGFP,561 Controls ,,,527_PD_Array_P02,C03,,E06,B18A8A10R1_P1,B19A8A10R1_P1,TC,,,,,,,,,,,
GBA,GBA_GLY49SER,GDEhPD-GBA-Var1,B03,18,527_PD_Array_P02,D03,20,G06,B18A8A10R1_P1,B19A8A10R1_P1,allele,2,145G>A,GLY49SER,CCSBVarC038919,,,,,,,
GBA,GBA_Gly74Ala,GDEhPD-GBA-Var1,G03,23,527_PD_Array_P02,E03,21,I06,B18A8A10R1_P1,B19A8A10R1_P1,allele,2,221G>C,Gly74Ala,CCSBVarC038987,,,,,,,
GBA,GBA_Gly85Glu,GDEh_PD23mut_003,B01,2,527_PD_Array_P02,F03,22,K06,B18A8A10R1_P1,B19A8A10R1_P1,allele,2,254G>A,Gly85Glu,CCSBVarC039179,,,,,,,
GBA,GBA_His350Arg,GDEhPD-GBA-Var1,F11,86,527_PD_Array_P02,G03,23,M06,B18A8A10R1_P1,B19A8A10R1_P1,allele,2,1049A>G,His350Arg,CCSBVarC003881,,,,,,,
GBA,GBA_HIS529ARG,GDEhPD-GBA-Var2,B12,90,527_PD_Array_P02,H03,24,O06,B18A8A10R1_P1,B19A8A10R1_P1,allele,2,1586A>G,HIS529ARG,CCSBVarC038925,,,,,,,
GBA,GBA_ILE158THR,GDEhPD-GBA-Var1,A05,33,527_PD_Array_P02,A04,25,A08,B18A8A10R1_P1,B19A8A10R1_P1,allele,2,473T>C,ILE158THR,CCSBVarC038941,,,,,,,
GBA,GBA_ILE200ASN,GDEhPD-GBA-Var1,E06,45,527_PD_Array_P02,B04,26,C08,B18A8A10R1_P1,B19A8A10R1_P1,allele,2,599T>A,ILE200ASN,CCSBVarC038951,,,,,,,
GBA,GBA_Ile20Val,GDEhPD-GBA-Var1,D02,12,527_PD_Array_P02,C04,27,E08,B18A8A10R1_P1,B19A8A10R1_P1,allele,2,58A>G,Ile20Val,CCSBVarC038994,,,,,,,
ALK,ALK_,527 Controls ,,,527_PD_Array_P02,D04,,G08,B18A8A10R1_P1,B19A8A10R1_P1,PC,,,,,,,,,,,
GBA,GBA_Ile299Thr,GDEhPD-GBA-Var1,E09,69,527_PD_Array_P02,E04,29,I08,B18A8A10R1_P1,B19A8A10R1_P1,allele,2,896T>C,Ile299Thr,CCSBVarC039004,,,,,,,
GBA,GBA_Ile407Thr,GDEhPD-GBA-Var2,G09,71,527_PD_Array_P02,F04,30,K08,B18A8A10R1_P1,B19A8A10R1_P1,allele,2,1220T>C,Ile407Thr,CCSBVarC038975,,,,,,,
GBA,GBA_LEU144ARG,GDEhPD-GBA-Var1,G04,31,527_PD_Array_P02,G04,31,M08,B18A8A10R1_P1,B19A8A10R1_P1,allele,2,431T>G,LEU144ARG,CCSBVarC038938,,,,,,,
GBA,GBA_Leu15Ser,GDEhPD-GBA-Var1,H01,8,527_PD_Array_P02,H04,32,O08,B18A8A10R1_P1,B19A8A10R1_P1,allele,2,44T>C,Leu15Ser,CCSBVarC038990,,,,,,,
GBA,GBA_Leu213Phe,GDEhPD-GBA-Var1,C07,51,527_PD_Array_P02,A05,33,A10,B18A8A10R1_P1,B19A8A10R1_P1,allele,2,637C>T,Leu213Phe,CCSBVarC038997,,,,,,,
GBA,GBA_Leu279Val,GDEhPD-GBA-Var1,G08,63,527_PD_Array_P02,B05,34,C10,B18A8A10R1_P1,B19A8A10R1_P1,allele,2,835C>G,Leu279Val,CCSBVarC039000,,,,,,,
GBA,GBA_Leu307Phe,GDEhPD-GBA-Var1,C10,75,527_PD_Array_P02,C05,35,E10,B18A8A10R1_P1,B19A8A10R1_P1,allele,2,919C>T,Leu307Phe,CCSBVarC039008,,,,,,,
GBA,GBA_Leu363Pro,GDEhPD-GBA-Var1,H11,88,527_PD_Array_P02,D05,36,G10,B18A8A10R1_P1,B19A8A10R1_P1,allele,2,1088T>C,Leu363Pro,CCSBVarC038971,,,,,,,
ALK,ALK_Arg1275Gln,527 Controls ,,,527_PD_Array_P02,E05,,I10,B18A8A10R1_P1,B19A8A10R1_P1,PC,,,,,,,,,,,
GBA,GBA_LEU393VAL,GDEhPD-GBA-Var1,F12,94,527_PD_Array_P02,F05,38,K10,B18A8A10R1_P1,B19A8A10R1_P1,allele,2,1177C>G,LEU393VAL,CCSBVarC038909,,,,,,,
GBA,GBA_Leu410Val,GDEh_PD23mut_003,F03,22,527_PD_Array_P02,G05,39,M10,B18A8A10R1_P1,B19A8A10R1_P1,allele,2,1228C>G,Leu410Val,CCSBVarC039031,,,,,,,
GBA,GBA_Leu410Val,PD-Iris-Var1,B01,2,527_PD_Array_P02,H05,40,O10,B18A8A10R1_P1,B19A8A10R1_P1,allele,2,1228C>G,Leu410Val,CCSBVarC039031,,,,,,,
GBA,GBA_Leu483Arg,GDEhPD-GBA-Var2,E11,85,527_PD_Array_P02,A06,41,A12,B18A8A10R1_P1,B19A8A10R1_P1,allele,2,1448T>G,Leu483Arg,CCSBVarC003888,,,,,,,
GBA,GBA_Leu483Pro,GDEhPD-GBA-Var2,A11,81,527_PD_Array_P02,B06,42,C12,B18A8A10R1_P1,B19A8A10R1_P1,allele,2,1448T>C,Leu483Pro,CCSBVarC000004,,,,,,,
GBA,GBA_Lys118Asn,GDEh_PD23mut_003,D04,28,527_PD_Array_P02,C06,43,E12,B18A8A10R1_P1,B19A8A10R1_P1,allele,2,354G>C,Lys118Asn,CCSBVarC039030,,,,,,,
GBA,GBA_Lys118Asn,PD-Iris-Var1,A01,1,527_PD_Array_P02,D06,44,G12,B18A8A10R1_P1,B19A8A10R1_P1,allele,2,354G>C,Lys118Asn,CCSBVarC039030,,,,,,,
GBA,GBA_LYS13ARG,GDEhPD-GBA-Var1,G01,7,527_PD_Array_P02,E06,45,I12,B18A8A10R1_P1,B19A8A10R1_P1,allele,2,38A>G,LYS13ARG,CCSBVarC038937,,,,,,,
,,,,,527_PD_Array_P02,F06,,K12,B18A8A10R1_P1,B19A8A10R1_P1,,,,,,,,,,,,
GBA,GBA_LYS194TER,GDEhPD-GBA-Var1,B06,42,527_PD_Array_P02,G06,47,M12,B18A8A10R1_P1,B19A8A10R1_P1,allele,2,580A>T,LYS194TER,CCSBVarC038949,,,,,,,
GBA,GBA_Lys196Gln,GDEhPD-GBA-Var1,C06,43,527_PD_Array_P02,H06,48,O12,B18A8A10R1_P1,B19A8A10R1_P1,allele,2,586A>C,Lys196Gln,CCSBVarC003871,,,,,,,
GBA,GBA_Lys237Glu,GDEh_PD23mut_002,E12,93,527_PD_Array_P02,A07,49,A14,B18A8A10R1_P1,B19A8A10R1_P1,allele,2,709A>G,Lys237Glu,CCSBVarC039153,,,,,,,
GBA,GBA_LYS385ARG,GDEhPD-GBA-Var1,D12,92,527_PD_Array_P02,B07,50,C14,B18A8A10R1_P1,B19A8A10R1_P1,allele,2,1154A>G,LYS385ARG,CCSBVarC038907,,,,,,,
GBA,GBA_LYS480ASN,GDEhPD-GBA-Var2,A10,73,527_PD_Array_P02,C07,51,E14,B18A8A10R1_P1,B19A8A10R1_P1,allele,2,1440G>C,LYS480ASN,CCSBVarC038918,,,,,,,
GBA,GBA_LYS512TER,GDEhPD-GBA-Var2,F11,86,527_PD_Array_P02,D07,52,G14,B18A8A10R1_P1,B19A8A10R1_P1,allele,2,1534A>T,LYS512TER,CCSBVarC038924,,,,,,,
GBA,GBA_Met162Thr,GDEhPD-GBA-Var1,C05,35,527_PD_Array_P02,E07,53,I14,B18A8A10R1_P1,B19A8A10R1_P1,allele,2,485T>C,Met162Thr,CCSBVarC038991,,,,,,,
MAPK9,MAPK9_,527 Controls ,,,527_PD_Array_P02,F07,,K14,B18A8A10R1_P1,B19A8A10R1_P1,NC,,,,,,,,,,,
GBA,GBA_Met400Ile,GDEhPD-GBA-Var2,F08,62,527_PD_Array_P02,G07,55,M14,B18A8A10R1_P1,B19A8A10R1_P1,allele,2,1200G>A,Met400Ile,CCSBVarC038974,,,,,,,
GBA,GBA_Phe255Val,GDEhPD-GBA-Var1,F08,62,527_PD_Array_P02,H07,56,O14,B18A8A10R1_P1,B19A8A10R1_P1,allele,2,763T>G,Phe255Val,CCSBVarC003877,,,,,,,
GBA,GBA_PHE436SER,GDEhPD-GBA-Var2,D10,76,527_PD_Array_P02,A08,57,A16,B18A8A10R1_P1,B19A8A10R1_P1,allele,2,1307T>C,PHE436SER,CCSBVarC038914,,,,,,,
GBA,GBA_Phe450Ile,GDEh_PD23mut_002,G11,87,527_PD_Array_P02,B08,58,C16,B18A8A10R1_P1,B19A8A10R1_P1,allele,2,1348T>A,Phe450Ile,CCSBVarC039166,,,,,,,
GBA,GBA_PRO12SER,GDEhPD-GBA-Var1,F01,6,527_PD_Array_P02,C08,59,E16,B18A8A10R1_P1,B19A8A10R1_P1,allele,2,34C>T,PRO12SER,CCSBVarC038936,,,,,,,
GBA,GBA_PRO198LEU,GDEhPD-GBA-Var1,D06,44,527_PD_Array_P02,D08,60,G16,B18A8A10R1_P1,B19A8A10R1_P1,allele,2,593C>T,PRO198LEU,CCSBVarC038950,,,,,,,
RHEB,RHEB_,527 Controls ,,,527_PD_Array_P02,E08,,I16,B18A8A10R1_P1,B19A8A10R1_P1,NC,,,,,,,,,,,
GBA,GBA_PRO221THR,GDEhPD-GBA-Var1,E07,53,527_PD_Array_P02,F08,62,K16,B18A8A10R1_P1,B19A8A10R1_P1,allele,2,661C>A,PRO221THR,CCSBVarC038955,,,,,,,
GBA,GBA_Pro305Ala,GDEhPD-GBA-Var1,A10,73,527_PD_Array_P02,G08,63,M16,B18A8A10R1_P1,B19A8A10R1_P1,allele,2,913C>G,Pro305Ala,CCSBVarC039006,,,,,,,
GBA,GBA_PRO338THR,GDEhPD-GBA-Var1,B11,82,527_PD_Array_P02,H08,64,O16,B18A8A10R1_P1,B19A8A10R1_P1,allele,2,1012C>A,PRO338THR,CCSBVarC038902,,,,,,,
GBA,GBA_Pro430Leu,GDEh_PD23mut_002,A12,89,527_PD_Array_P02,A09,65,A18,B18A8A10R1_P1,B19A8A10R1_P1,allele,2,1289C>T,Pro430Leu,CCSBVarC039123,,,,,,,
GBA,GBA_Pro440Leu,GDEh_PD23mut_003,C03,19,527_PD_Array_P02,B09,66,C18,B18A8A10R1_P1,B19A8A10R1_P1,allele,2,1319C>T,Pro440Leu,CCSBVarC039032,,,,,,,
GBA,GBA_Pro440Leu,PD-Iris-Var1,C01,3,527_PD_Array_P02,C09,67,E18,B18A8A10R1_P1,B19A8A10R1_P1,allele,2,1319C>T,Pro440Leu,CCSBVarC039032,,,,,,,
SLIRP,SLIRP_,527 Controls ,,,527_PD_Array_P02,D09,,G18,B18A8A10R1_P1,B19A8A10R1_P1,NC,,,,,,,,,,,
GBA,GBA_Pro454Arg,GDEh_PD23mut_002,F11,86,527_PD_Array_P02,E09,69,I18,B18A8A10R1_P1,B19A8A10R1_P1,allele,2,1361C>G,Pro454Arg,CCSBVarC038980,,,,,,,
GBA,GBA_Pro454Arg,GDEhPD-GBA-Var2,H08,64,527_PD_Array_P02,F09,70,K18,B18A8A10R1_P1,B19A8A10R1_P1,allele,2,1361C>G,Pro454Arg,CCSBVarC038980,,,,,,,
GBA,GBA_PRO94SER,GDEhPD-GBA-Var1,D04,28,527_PD_Array_P02,G09,71,M18,B18A8A10R1_P1,B19A8A10R1_P1,allele,2,280C>T,PRO94SER,CCSBVarC038933,,,,,,,
GBA,GBA_Ser146Leu,GDEh_PD23mut_003,H02,16,527_PD_Array_P02,H09,72,O18,B18A8A10R1_P1,B19A8A10R1_P1,allele,2,437C>T,Ser146Leu,CCSBVarC039204,,,,,,,
GBA,GBA_SER164ARG,GDEhPD-GBA-Var1,D05,36,527_PD_Array_P02,A10,73,A20,B18A8A10R1_P1,B19A8A10R1_P1,allele,2,492C>G,SER164ARG,CCSBVarC038944,,,,,,,
GBA,GBA_SER16GLY,GDEhPD-GBA-Var1,A02,9,527_PD_Array_P02,B10,74,C20,B18A8A10R1_P1,B19A8A10R1_P1,allele,2,46A>G,SER16GLY,CCSBVarC038939,,,,,,,
PRAKCB,PRKACB_,527 Controls ,,,527_PD_Array_P02,C10,,E20,B18A8A10R1_P1,B19A8A10R1_P1,NC,,,,,,,,,,,
GBA,GBA_SER19ASN,GDEhPD-GBA-Var1,C02,11,527_PD_Array_P02,D10,76,G20,B18A8A10R1_P1,B19A8A10R1_P1,allele,2,56G>A,SER19ASN,CCSBVarC038948,,,,,,,
GBA,GBA_SER212THR,GDEhPD-GBA-Var1,B07,50,527_PD_Array_P02,E10,77,I20,B18A8A10R1_P1,B19A8A10R1_P1,allele,2,634T>A,SER212THR,CCSBVarC038953,,,,,,,
GBA,GBA_SER235PRO,GDEhPD-GBA-Var1,C08,59,527_PD_Array_P02,F10,78,K20,B18A8A10R1_P1,B19A8A10R1_P1,allele,2,703T>C,SER235PRO,CCSBVarC038960,,,,,,,
GBA,GBA_Ser281Asn,GDEhPD-GBA-Var1,H08,64,527_PD_Array_P02,G10,79,M20,B18A8A10R1_P1,B19A8A10R1_P1,allele,2,842G>A,Ser281Asn,CCSBVarC039001,,,,,,,
GBA,GBA_Ser35Leu,GDEhPD-GBA-Var1,H02,16,527_PD_Array_P02,H10,80,O20,B18A8A10R1_P1,B19A8A10R1_P1,allele,2,104C>T,Ser35Leu,CCSBVarC038968,,,,,,,
GBA,GBA_Ser35Pro,GDEhPD-GBA-Var1,G02,15,527_PD_Array_P02,A11,81,A22,B18A8A10R1_P1,B19A8A10R1_P1,allele,2,103T>C,Ser35Pro,CCSBVarC038967,,,,,,,
GBA,GBA_Ser384Phe,GDEhPD-GBA-Var1,C12,91,527_PD_Array_P02,B11,82,C22,B18A8A10R1_P1,B19A8A10R1_P1,allele,2,1151C>T,Ser384Phe,CCSBVarC038972,,,,,,,
GBA,GBA_Ser395Phe,GDEh_PD23mut_003,G03,23,527_PD_Array_P02,C11,83,E22,B18A8A10R1_P1,B19A8A10R1_P1,allele,2,1184C>T,Ser395Phe,CCSBVarC039200,,,,,,,
GBA,GBA_SER403THR,GDEhPD-GBA-Var2,C09,67,527_PD_Array_P02,D11,84,G22,B18A8A10R1_P1,B19A8A10R1_P1,allele,2,1208G>C,SER403THR,CCSBVarC038910,,,,,,,
GBA,GBA_SER439ASN,GDEhPD-GBA-Var2,H11,88,527_PD_Array_P02,E11,85,I22,B18A8A10R1_P1,B19A8A10R1_P1,allele,2,1316G>A,SER439ASN,CCSBVarC038916,,,,,,,
GBA,GBA_Ser463Thr,GDEhPD-GBA-Var2,E09,69,527_PD_Array_P02,F11,86,K22,B18A8A10R1_P1,B19A8A10R1_P1,allele,2,1388G>C,Ser463Thr,CCSBVarC038981,,,,,,,
GBA,GBA_SER4PRO,GDEhPD-GBA-Var1,B01,2,527_PD_Array_P02,G11,87,M22,B18A8A10R1_P1,B19A8A10R1_P1,allele,2,10T>C,SER4PRO,CCSBVarC038900,,,,,,,
GBA,GBA_SER5ASN,GDEhPD-GBA-Var1,C01,3,527_PD_Array_P02,H11,88,O22,B18A8A10R1_P1,B19A8A10R1_P1,allele,2,14G>A,SER5ASN,CCSBVarC038917,,,,,,,
GBA,GBA_SER77ARG,GDEhPD-GBA-Var1,H03,24,527_PD_Array_P02,A12,89,A24,B18A8A10R1_P1,B19A8A10R1_P1,allele,2,231C>A,SER77ARG,CCSBVarC038930,,,,,,,
GBA,GBA_THR173ASN,GDEhPD-GBA-Var1,G05,39,527_PD_Array_P02,B12,90,C24,B18A8A10R1_P1,B19A8A10R1_P1,allele,2,518C>A,THR173ASN,CCSBVarC038947,,,,,,,
GBA,GBA_Thr306Ile,GDEh_PD23mut_002,A11,81,527_PD_Array_P02,C12,91,E24,B18A8A10R1_P1,B19A8A10R1_P1,allele,2,917C>T,Thr306Ile,CCSBVarC039007,,,,,,,
GBA,GBA_Thr306Ile,GDEhPD-GBA-Var1,B10,74,527_PD_Array_P02,D12,92,G24,B18A8A10R1_P1,B19A8A10R1_P1,allele,2,917C>T,Thr306Ile,CCSBVarC039007,,,,,,,
GBA,GBA_Thr408Met,GDEh_PD23mut_002,D11,84,527_PD_Array_P02,E12,93,I24,B18A8A10R1_P1,B19A8A10R1_P1,allele,2,1223C>T,Thr408Met,CCSBVarC039146,,,,,,,
GBA,GBA_Trp223Cys,GDEhPD-GBA-Var1,F07,54,527_PD_Array_P02,F12,94,K24,B18A8A10R1_P1,B19A8A10R1_P1,allele,2,669G>T,Trp223Cys,CCSBVarC038998,,,,,,,
GBA,GBA_Trp330Gly,GDEhPD-GBA-Var1,H10,80,527_PD_Array_P02,G12,95,M24,B18A8A10R1_P1,B19A8A10R1_P1,allele,2,988T>G,Trp330Gly,CCSBVarC039013,,,,,,,
GBA,GBA_Trp351Cys,GDEh_PD23mut_002,C12,91,527_PD_Array_P02,H12,96,O24,B18A8A10R1_P1,B19A8A10R1_P1,allele,2,1053G>T,Trp351Cys,CCSBVarC039137,,,,,,,
GBA,GBA_Trp36Ter,GDEhPD-GBA-Var1,A03,17,527_PD_Array_P03,A01,1,B01,B18A8A10R1_P1,B19A8A10R1_P1,allele,2,108G>A,Trp36Ter,CCSBVarC038970,,,,,,,
GBA,GBA_Trp432Arg,GDEh_PD23mut_003,E03,21,527_PD_Array_P03,B01,2,D01,B18A8A10R1_P1,B19A8A10R1_P1,allele,2,1294T>A,Trp432Arg,CCSBVarC038978,,,,,,,
GBA,GBA_Trp432Arg,GDEhPD-GBA-Var2,D09,68,527_PD_Array_P03,C01,3,F01,B18A8A10R1_P1,B19A8A10R1_P1,allele,2,1294T>A,Trp432Arg,CCSBVarC038978,,,,,,,
GBA,GBA_TRP432TER,GDEhPD-GBA-Var2,H09,72,527_PD_Array_P03,D01,4,H01,B18A8A10R1_P1,B19A8A10R1_P1,allele,2,1296G>A,TRP432TER,CCSBVarC038913,,,,,,,
GBA,GBA_Tyr244His,GDEhPD-GBA-Var1,D08,60,527_PD_Array_P03,E01,5,J01,B18A8A10R1_P1,B19A8A10R1_P1,allele,2,730T>C,Tyr244His,CCSBVarC038999,,,,,,,
GBA,GBA_TYR251HIS,GDEhPD-GBA-Var1,E08,61,527_PD_Array_P03,F01,6,L01,B18A8A10R1_P1,B19A8A10R1_P1,allele,2,751T>C,TYR251HIS,CCSBVarC038961,,,,,,,
GBA,GBA_TYR283TER,GDEhPD-GBA-Var1,A09,65,527_PD_Array_P03,G01,7,N01,B18A8A10R1_P1,B19A8A10R1_P1,allele,2,849C>A,TYR283TER,CCSBVarC038962,,,,,,,
GBA,GBA_TYR50HIS,GDEhPD-GBA-Var1,C03,19,527_PD_Array_P03,H01,8,P01,B18A8A10R1_P1,B19A8A10R1_P1,allele,2,148T>C,TYR50HIS,CCSBVarC038921,,,,,,,
GBA,GBA_Val211Ile,GDEhPD-GBA-Var1,A07,49,527_PD_Array_P03,A02,9,B03,B18A8A10R1_P1,B19A8A10R1_P1,allele,2,631G>A,Val211Ile,CCSBVarC038996,,,,,,,
GBA,GBA_VAL230GLY,GDEhPD-GBA-Var1,H07,56,527_PD_Array_P03,B02,10,D03,B18A8A10R1_P1,B19A8A10R1_P1,allele,2,689T>G,VAL230GLY,CCSBVarC038957,,,,,,,
GBA,GBA_VAL334ILE,GDEhPD-GBA-Var1,A11,81,527_PD_Array_P03,C02,11,F03,B18A8A10R1_P1,B19A8A10R1_P1,allele,2,1000G>A,VAL334ILE,CCSBVarC038901,,,,,,,
GBA,GBA_VAL391LEU,GDEhPD-GBA-Var1,E12,93,527_PD_Array_P03,D02,12,H03,B18A8A10R1_P1,B19A8A10R1_P1,allele,2,1171G>C,VAL391LEU,CCSBVarC038908,,,,,,,
GBA,GBA_Val414Leu,GDEhPD-GBA-Var2,G10,79,527_PD_Array_P03,E02,13,J03,B18A8A10R1_P1,B19A8A10R1_P1,allele,2,1240G>C,Val414Leu,CCSBVarC038976,,,,,,,
GBA,GBA_Val414Leu,GDEhPD-GBA-Var2,C11,83,527_PD_Array_P03,F02,14,L03,B18A8A10R1_P1,B19A8A10R1_P1,allele,2,1240G>T,Val414Leu,CCSBVarC003885,,,,,,,
GBA,GBA_Val433Leu,GDEh_PD23mut_002,C11,83,527_PD_Array_P03,G02,15,N03,B18A8A10R1_P1,B19A8A10R1_P1,allele,2,1297G>T,Val433Leu,CCSBVarC039136,,,,,,,
GBA,GBA_Val437Phe,GDEh_PD23mut_003,D03,20,527_PD_Array_P03,H02,16,P03,B18A8A10R1_P1,B19A8A10R1_P1,allele,2,1309G>T,Val437Phe,CCSBVarC038915,,,,,,,
GBA,GBA_VAL437PHE,GDEhPD-GBA-Var2,H10,80,527_PD_Array_P03,A03,17,B05,B18A8A10R1_P1,B19A8A10R1_P1,allele,2,1309G>T,VAL437PHE,CCSBVarC038915,,,,,,,
GBA,GBA_VAL497LEU,GDEhPD-GBA-Var2,F10,78,527_PD_Array_P03,B03,18,D05,B18A8A10R1_P1,B19A8A10R1_P1,allele,2,1489G>C,VAL497LEU,CCSBVarC038922,,,,,,,
eGFP,eGFP,561 Controls ,,,527_PD_Array_P03,C03,,F05,B18A8A10R1_P1,B19A8A10R1_P1,TC,,,,,,,,,,,
GBA,GBA_VAL54LEU,GDEhPD-GBA-Var1,D03,20,527_PD_Array_P03,D03,20,H05,B18A8A10R1_P1,B19A8A10R1_P1,allele,2,160G>T,VAL54LEU,CCSBVarC000001,,,,,,,
GBA,GBA_VAL56ASP,GDEhPD-GBA-Var1,E03,21,527_PD_Array_P03,E03,21,J05,B18A8A10R1_P1,B19A8A10R1_P1,allele,2,167T>A,VAL56ASP,CCSBVarC038927,,,,,,,
KCNK18,KCNK18_,GDEhPD-RefORF,G07,55,527_PD_Array_P03,F03,22,L05,B18A8A10R1_P1,B19A8A10R1_P1,disease_wt,100015290,,,NULL,,,,,,,
KCNK18,KCNK18_Arg10Gly,GDEh_PD23mut_001,D09,68,527_PD_Array_P03,G03,23,N05,B18A8A10R1_P1,B19A8A10R1_P1,allele,100015290,28A>G,Arg10Gly,CCSBVarC039088,,,,,,,
KCNK18,KCNK18_Cys110Arg,GDEh_PD23mut_001,E05,37,527_PD_Array_P03,H03,24,P05,B18A8A10R1_P1,B19A8A10R1_P1,allele,100015290,328T>C,Cys110Arg,CCSBVarC039093,,,,,,,
KCNK18,KCNK18_Ser231Pro,PD-Iris-Var1,A05,33,527_PD_Array_P03,A04,25,B07,B18A8A10R1_P1,B19A8A10R1_P1,allele,100015290,691T>C,Ser231Pro,CCSBVarC039048,,,,,,,
KCNK18,KCNK18_Val125Ile,GDEh_PD23mut_001,F05,38,527_PD_Array_P03,B04,26,D07,B18A8A10R1_P1,B19A8A10R1_P1,allele,100015290,373G>A,Val125Ile,CCSBVarC039101,,,,,,,
KCTD7,KCTD7_,GDEhPD-RefORF,C06,43,527_PD_Array_P03,C04,27,F07,B18A8A10R1_P1,B19A8A10R1_P1,disease_wt,70368,,,NULL,,,,,,,
ALK,ALK_,527 Controls ,,,527_PD_Array_P03,D04,,H07,B18A8A10R1_P1,B19A8A10R1_P1,PC,,,,,,,,,,,
KCTD7,KCTD7_Ala237Gly,GDEh_PD23mut_001,F07,54,527_PD_Array_P03,E04,29,J07,B18A8A10R1_P1,B19A8A10R1_P1,allele,70368,710C>G,Ala237Gly,CCSBVarC039102,,,,,,,
KCTD7,KCTD7_Arg112His,GDEh_PD23mut_001,G07,55,527_PD_Array_P03,F04,30,L07,B18A8A10R1_P1,B19A8A10R1_P1,allele,70368,335G>A,Arg112His,CCSBVarC032513,,,,,,,
KCTD7,KCTD7_Arg99Ter,GDEh_PD23mut_001,F02,14,527_PD_Array_P03,G04,31,N07,B18A8A10R1_P1,B19A8A10R1_P1,allele,70368,295C>T,Arg99Ter,CCSBVarC039046,,,,,,,
KCTD7,KCTD7_Arg99Ter,PD-Iris-Var1,F04,30,527_PD_Array_P03,H04,32,P07,B18A8A10R1_P1,B19A8A10R1_P1,allele,70368,295C>T,Arg99Ter,CCSBVarC039046,,,,,,,
KCTD7,KCTD7_Trp235Ser,GDEh_PD23mut_001,G02,15,527_PD_Array_P03,A05,33,B09,B18A8A10R1_P1,B19A8A10R1_P1,allele,70368,704G>C,Trp235Ser,CCSBVarC032550,,,,,,,
KLF11,KLF11_,GDEhPD-RefORF,B02,10,527_PD_Array_P03,B05,34,D09,B18A8A10R1_P1,B19A8A10R1_P1,disease_wt,10845,,,NULL,,,,,,,
KLF11,KLF11_Tyr405Cys,GDEh_PD23mut_003,H01,8,527_PD_Array_P03,C05,35,F09,B18A8A10R1_P1,B19A8A10R1_P1,allele,10845,1214A>G,Tyr405Cys,CCSBVarC039203,,,,,,,
LDLR,LDLR_,GDEhPD-RefORF,E08,61,527_PD_Array_P03,D05,36,H09,B18A8A10R1_P1,B19A8A10R1_P1,disease_wt,100008339,,,NULL,,,,,,,
ALK,ALK_Arg1275Gln,527 Controls ,,,527_PD_Array_P03,E05,,J09,B18A8A10R1_P1,B19A8A10R1_P1,PC,,,,,,,,,,,
LDLR,LDLR_Ala480Thr,GDEh_PD23mut_003,A07,49,527_PD_Array_P03,F05,38,L09,B18A8A10R1_P1,B19A8A10R1_P1,allele,100008339,1438G>A,Ala480Thr,CCSBVarC014047,,,,,,,
LDLR,LDLR_Arg257Pro,GDEh_PD23mut_003,D06,44,527_PD_Array_P03,G05,39,N09,B18A8A10R1_P1,B19A8A10R1_P1,allele,100008339,770G>C,Arg257Pro,CCSBVarC039188,,,,,,,
LDLR,LDLR_Asp535Asn,GDEh_PD23mut_003,C07,51,527_PD_Array_P03,H05,40,P09,B18A8A10R1_P1,B19A8A10R1_P1,allele,100008339,1603G>A,Asp535Asn,CCSBVarC014035,,,,,,,
LDLR,LDLR_Cys338Ser,GDEh_PD23mut_003,F06,46,527_PD_Array_P03,A06,41,B11,B18A8A10R1_P1,B19A8A10R1_P1,allele,100008339,1013G>C,Cys338Ser,CCSBVarC014039,,,,,,,
LDLR,LDLR_Glu228Asp,GDEh_PD23mut_003,F07,54,527_PD_Array_P03,B06,42,D11,B18A8A10R1_P1,B19A8A10R1_P1,allele,100008339,684G>T,Glu228Asp,CCSBVarC039198,,,,,,,
LDLR,LDLR_Gly149Arg,GDEh_PD23mut_003,B06,42,527_PD_Array_P03,C06,43,F11,B18A8A10R1_P1,B19A8A10R1_P1,allele,100008339,445G>C,Gly149Arg,CCSBVarC014084,,,,,,,
LDLR,LDLR_Gly269Ser,GDEh_PD23mut_003,G07,55,527_PD_Array_P03,D06,44,H11,B18A8A10R1_P1,B19A8A10R1_P1,allele,100008339,805G>A,Gly269Ser,CCSBVarC039202,,,,,,,
LDLR,LDLR_Gly323Cys,GDEh_PD23mut_003,E06,45,527_PD_Array_P03,E06,45,J11,B18A8A10R1_P1,B19A8A10R1_P1,allele,100008339,967G>T,Gly323Cys,CCSBVarC039193,,,,,,,
,,,,,527_PD_Array_P03,F06,,L11,B18A8A10R1_P1,B19A8A10R1_P1,,,,,,,,,,,,
LDLR,LDLR_Gly343Val,GDEh_PD23mut_003,A08,57,527_PD_Array_P03,G06,47,N11,B18A8A10R1_P1,B19A8A10R1_P1,allele,100008339,1028G>T,Gly343Val,CCSBVarC039178,,,,,,,
LDLR,LDLR_Phe403Leu,GDEh_PD23mut_003,G06,47,527_PD_Array_P03,H06,48,P11,B18A8A10R1_P1,B19A8A10R1_P1,allele,100008339,1209C>A,Phe403Leu,CCSBVarC014112,,,,,,,
LDLR,LDLR_Pro144Leu,GDEh_PD23mut_003,A06,41,527_PD_Array_P03,A07,49,B13,B18A8A10R1_P1,B19A8A10R1_P1,allele,100008339,431C>T,Pro144Leu,CCSBVarC039177,,,,,,,
LDLR,LDLR_Pro196Thr,GDEh_PD23mut_003,C06,43,527_PD_Array_P03,B07,50,D13,B18A8A10R1_P1,B19A8A10R1_P1,allele,100008339,586C>A,Pro196Thr,CCSBVarC014104,,,,,,,
LDLR,LDLR_Pro309His,GDEh_PD23mut_003,H07,56,527_PD_Array_P03,C07,51,F13,B18A8A10R1_P1,B19A8A10R1_P1,allele,100008339,926C>A,Pro309His,CCSBVarC039207,,,,,,,
LDLR,LDLR_Pro476Leu,GDEh_PD23mut_003,H06,48,527_PD_Array_P03,D07,52,H13,B18A8A10R1_P1,B19A8A10R1_P1,allele,100008339,1427C>T,Pro476Leu,CCSBVarC014100,,,,,,,
LDLR,LDLR_Trp483Cys,GDEh_PD23mut_003,B07,50,527_PD_Array_P03,E07,53,J13,B18A8A10R1_P1,B19A8A10R1_P1,allele,100008339,1449G>C,Trp483Cys,CCSBVarC014045,,,,,,,
MAPK9,MAPK9_,527 Controls ,,,527_PD_Array_P03,F07,,L13,B18A8A10R1_P1,B19A8A10R1_P1,NC,,,,,,,,,,,
LDLR,LDLR_Trp483Leu,GDEh_PD23mut_003,B08,58,527_PD_Array_P03,G07,55,N13,B18A8A10R1_P1,B19A8A10R1_P1,allele,100008339,1448G>T,Trp483Leu,CCSBVarC039181,,,,,,,
LDLR,LDLR_Val578Ala,GDEh_PD23mut_003,C08,59,527_PD_Array_P03,H07,56,P13,B18A8A10R1_P1,B19A8A10R1_P1,allele,100008339,1733T>C,Val578Ala,CCSBVarC039185,,,,,,,
LRP2BP,LRP2BP_,GDEhPD-RefORF,G06,47,527_PD_Array_P03,A08,57,B15,B18A8A10R1_P1,B19A8A10R1_P1,disease_wt,70192,,,NULL,,,,,,,
LRP2BP,LRP2BP_Arg143Lys,GDEh_PD23mut_001,F08,62,527_PD_Array_P03,B08,58,D15,B18A8A10R1_P1,B19A8A10R1_P1,allele,70192,422G>A,Arg143Lys,CCSBVarC039103,,,,,,,
MAP2K2,MAP2K2_,GDEhPD-RefORF,A01,1,527_PD_Array_P03,C08,59,F15,B18A8A10R1_P1,B19A8A10R1_P1,disease_wt,6666,,,NULL,,,,,,,
MAP2K2,MAP2K2_Arg112Leu,GDEh_PD23mut_001,B06,42,527_PD_Array_P03,D08,60,H15,B18A8A10R1_P1,B19A8A10R1_P1,allele,6666,335G>T,Arg112Leu,CCSBVarC010664,,,,,,,
RHEB,RHEB_,527 Controls ,,,527_PD_Array_P03,E08,,J15,B18A8A10R1_P1,B19A8A10R1_P1,NC,,,,,,,,,,,
MAP2K2,MAP2K2_Arg303Cys,GDEh_PD23mut_001,E09,69,527_PD_Array_P03,F08,62,L15,B18A8A10R1_P1,B19A8A10R1_P1,allele,6666,907C>T,Arg303Cys,CCSBVarC039096,,,,,,,
MAP2K2,MAP2K2_Asp221Asn,GDEh_PD23mut_001,F09,70,527_PD_Array_P03,G08,63,N15,B18A8A10R1_P1,B19A8A10R1_P1,allele,6666,661G>A,Asp221Asn,CCSBVarC039104,,,,,,,
MAP2K2,MAP2K2_Glu207Lys,PD-Iris-Var1,G03,23,527_PD_Array_P03,H08,64,P15,B18A8A10R1_P1,B19A8A10R1_P1,allele,6666,619G>A,Glu207Lys,CCSBVarC010677,,,,,,,
MAP2K2,MAP2K2_Gly263Arg,GDEh_PD23mut_001,H05,40,527_PD_Array_P03,A09,65,B17,B18A8A10R1_P1,B19A8A10R1_P1,allele,6666,787G>A,Gly263Arg,CCSBVarC039040,,,,,,,
MAP2K2,MAP2K2_Gly263Arg,PD-Iris-Var1,H03,24,527_PD_Array_P03,B09,66,D17,B18A8A10R1_P1,B19A8A10R1_P1,allele,6666,787G>A,Gly263Arg,CCSBVarC039040,,,,,,,
MAP2K2,MAP2K2_Lys61Asn,GDEh_PD23mut_001,C06,43,527_PD_Array_P03,C09,67,F17,B18A8A10R1_P1,B19A8A10R1_P1,allele,6666,183A>C,Lys61Asn,CCSBVarC010649,,,,,,,
SLIRP,SLIRP_,527 Controls ,,,527_PD_Array_P03,D09,,H17,B18A8A10R1_P1,B19A8A10R1_P1,NC,,,,,,,,,,,
MAP2K2,MAP2K2_Phe57Leu,GDEh_PD23mut_001,A10,73,527_PD_Array_P03,E09,69,J17,B18A8A10R1_P1,B19A8A10R1_P1,allele,6666,171T>G,Phe57Leu,CCSBVarC010679,,,,,,,
MAP2K2,MAP2K2_Phe57Leu,PD-Iris-Var1,C03,19,527_PD_Array_P03,F09,70,L17,B18A8A10R1_P1,B19A8A10R1_P1,allele,6666,171T>G,Phe57Leu,CCSBVarC010679,,,,,,,
MAP2K2,MAP2K2_Pro128Leu,GDEh_PD23mut_001,A06,41,527_PD_Array_P03,G09,71,N17,B18A8A10R1_P1,B19A8A10R1_P1,allele,6666,383C>T,Pro128Leu,CCSBVarC010646,,,,,,,
MAP2K2,MAP2K2_Pro128Leu,PD-Iris-Var1,E03,21,527_PD_Array_P03,H09,72,P17,B18A8A10R1_P1,B19A8A10R1_P1,allele,6666,383C>T,Pro128Leu,CCSBVarC010646,,,,,,,
MAP2K2,MAP2K2_Tyr134His,GDEh_PD23mut_001,G09,71,527_PD_Array_P03,A10,73,B19,B18A8A10R1_P1,B19A8A10R1_P1,allele,6666,400T>C,Tyr134His,CCSBVarC010659,,,,,,,
MAP2K2,MAP2K2_Tyr134His,PD-Iris-Var1,F03,22,527_PD_Array_P03,B10,74,D19,B18A8A10R1_P1,B19A8A10R1_P1,allele,6666,400T>C,Tyr134His,CCSBVarC010659,,,,,,,
PRAKCB,PRKACB_,527 Controls ,,,527_PD_Array_P03,C10,,F19,B18A8A10R1_P1,B19A8A10R1_P1,NC,,,,,,,,,,,
MAP2K2,MAP2K2_Val64Phe,GDEh_PD23mut_001,H09,72,527_PD_Array_P03,D10,76,H19,B18A8A10R1_P1,B19A8A10R1_P1,allele,6666,190G>T,Val64Phe,CCSBVarC010674,,,,,,,
MAP2K3,MAP2K3_,GDEhPD-RefORF,F01,6,527_PD_Array_P03,E10,77,J19,B18A8A10R1_P1,B19A8A10R1_P1,disease_wt,9751,,,NULL,,,,,,,
MAP2K3,MAP2K3_Ala84Thr,GDEh_PD23mut_001,B04,26,527_PD_Array_P03,F10,78,L19,B18A8A10R1_P1,B19A8A10R1_P1,allele,9751,250G>A,Ala84Thr,CCSBVarC039071,,,,,,,
MAP2K3,MAP2K3_Ala91Val,GDEh_PD23mut_001,E08,61,527_PD_Array_P03,G10,79,N19,B18A8A10R1_P1,B19A8A10R1_P1,allele,9751,272C>T,Ala91Val,CCSBVarC039095,,,,,,,
MAP2K3,MAP2K3_Ile169Thr,GDEh_PD23mut_001,D08,60,527_PD_Array_P03,H10,80,P19,B18A8A10R1_P1,B19A8A10R1_P1,allele,9751,506T>C,Ile169Thr,CCSBVarC039087,,,,,,,
MAP2K3,MAP2K3_Met90Ile,GDEh_PD23mut_001,C04,27,527_PD_Array_P03,A11,81,B21,B18A8A10R1_P1,B19A8A10R1_P1,allele,9751,270G>A,Met90Ile,CCSBVarC039078,,,,,,,
OSBPL6,OSBPL6_,GDEhPD-RefORF,D05,36,527_PD_Array_P03,B11,82,D21,B18A8A10R1_P1,B19A8A10R1_P1,disease_wt,13701,,,NULL,,,,,,,
OSBPL6,OSBPL6_Arg53Gln,GDEh_PD23mut_002,F08,62,527_PD_Array_P03,C11,83,F21,B18A8A10R1_P1,B19A8A10R1_P1,allele,13701,158G>A,Arg53Gln,CCSBVarC039157,,,,,,,
PARK7,PARK7_,GDEhPD-RefORF,D01,4,527_PD_Array_P03,D11,84,H21,B18A8A10R1_P1,B19A8A10R1_P1,disease_wt,2686,,,NULL,,,,,,,
PARK7,PARK7_Ala179Thr,GDEh_PD23mut_001,F01,6,527_PD_Array_P03,E11,85,J21,B18A8A10R1_P1,B19A8A10R1_P1,allele,2686,535G>A,Ala179Thr,CCSBVarC039099,,,,,,,
PARK7,PARK7_Arg98Gln,GDEh_PD23mut_001,H06,48,527_PD_Array_P03,F11,86,L21,B18A8A10R1_P1,B19A8A10R1_P1,allele,2686,293G>A,Arg98Gln,CCSBVarC039115,,,,,,,
PARK7,PARK7_Gln45Ter,GDEh_PD23mut_001,G01,7,527_PD_Array_P03,G11,87,N21,B18A8A10R1_P1,B19A8A10R1_P1,allele,2686,133C>T,Gln45Ter,CCSBVarC039107,,,,,,,
PDE4C,PDE4C_,GDEhPD-RefORF,C02,11,527_PD_Array_P03,H11,88,P21,B18A8A10R1_P1,B19A8A10R1_P1,disease_wt,53018,,,NULL,,,,,,,
PDE4C,PDE4C_Arg113Gln,PD-Iris-Var1,C04,27,527_PD_Array_P03,A12,89,B23,B18A8A10R1_P1,B19A8A10R1_P1,allele,53018,338G>A,Arg113Gln,CCSBVarC039043,,,,,,,
PDE4C,PDE4C_Arg312Gln,GDEh_PD23mut_002,C08,59,527_PD_Array_P03,B12,90,D23,B18A8A10R1_P1,B19A8A10R1_P1,allele,53018,338G>A,Arg312Gln,CCSBVarC039043,,,,,,,
PDE4C,PDE4C_Leu409Arg,GDEh_PD23mut_002,G04,31,527_PD_Array_P03,C12,91,F23,B18A8A10R1_P1,B19A8A10R1_P1,allele,53018,533T>G,Leu409Arg,CCSBVarC039044,,,,,,,
PDE4C,PDE4C_Thr330Met,PD-Iris-Var1,E04,29,527_PD_Array_P03,D12,92,H23,B18A8A10R1_P1,B19A8A10R1_P1,allele,53018,989C>T,Thr330Met,CCSBVarC039045,,,,,,,
PDE4C,PDE4C_Thr561Met,GDEh_PD23mut_002,B08,58,527_PD_Array_P03,E12,93,J23,B18A8A10R1_P1,B19A8A10R1_P1,allele,53018,989C>T,Thr561Met,CCSBVarC039045,,,,,,,
PDE7A,PDE7A_,GDEhPD-RefORF,E04,29,527_PD_Array_P03,F12,94,L23,B18A8A10R1_P1,B19A8A10R1_P1,disease_wt,54503,,,NULL,,,,,,,
PDE7A,PDE7A_Gly76Glu,GDEh_PD23mut_002,A01,1,527_PD_Array_P03,G12,95,N23,B18A8A10R1_P1,B19A8A10R1_P1,allele,54503,149G>A,Gly76Glu,CCSBVarC039118,,,,,,,
PDIA2,PDIA2_,GDEhPD-RefORF,B08,58,527_PD_Array_P03,H12,96,P23,B18A8A10R1_P1,B19A8A10R1_P1,disease_wt,100068216,,,NULL,,,,,,,
PDIA2,PDIA2_Ala188Thr,GDEh_PD23mut_003,C02,11,527_PD_Array_P04,A01,1,B02,B18A8A10R1_P1,B19A8A10R1_P1,allele,100068216,562G>A,Ala188Thr,CCSBVarC039183,,,,,,,
PDIA2,PDIA2_Arg207Gln,GDEh_PD23mut_002,F10,78,527_PD_Array_P04,B01,2,D02,B18A8A10R1_P1,B19A8A10R1_P1,allele,100068216,620G>A,Arg207Gln,CCSBVarC039159,,,,,,,
PDIA2,PDIA2_Gln195Ter,GDEh_PD23mut_003,D02,12,527_PD_Array_P04,C01,3,F02,B18A8A10R1_P1,B19A8A10R1_P1,allele,100068216,583C>T,Gln195Ter,CCSBVarC039187,,,,,,,
PDIA2,PDIA2_Glu185Lys,GDEh_PD23mut_003,F02,14,527_PD_Array_P04,D01,4,H02,B18A8A10R1_P1,B19A8A10R1_P1,allele,100068216,553G>A,Glu185Lys,CCSBVarC039196,,,,,,,
PDIA2,PDIA2_His130Tyr,GDEh_PD23mut_002,E10,77,527_PD_Array_P04,E01,5,J02,B18A8A10R1_P1,B19A8A10R1_P1,allele,100068216,388C>T,His130Tyr,CCSBVarC039152,,,,,,,
PDIA2,PDIA2_Pro382Ala,GDEh_PD23mut_002,C10,75,527_PD_Array_P04,F01,6,L02,B18A8A10R1_P1,B19A8A10R1_P1,allele,100068216,1144C>G,Pro382Ala,CCSBVarC039135,,,,,,,
PDIA2,PDIA2_Pro39Ser,GDEh_PD23mut_002,D10,76,527_PD_Array_P04,G01,7,N02,B18A8A10R1_P1,B19A8A10R1_P1,allele,100068216,115C>T,Pro39Ser,CCSBVarC039145,,,,,,,
PDIA2,PDIA2_Pro69Ser,GDEh_PD23mut_003,E02,13,527_PD_Array_P04,H01,8,P02,B18A8A10R1_P1,B19A8A10R1_P1,allele,100068216,205C>T,Pro69Ser,CCSBVarC039191,,,,,,,
PDIA5,PDIA5_,GDEhPD-RefORF,C03,19,527_PD_Array_P04,A02,9,B04,B18A8A10R1_P1,B19A8A10R1_P1,disease_wt,3710,,,NULL,,,,,,,
PDIA5,PDIA5_Phe215Ser,GDEh_PD23mut_001,B07,50,527_PD_Array_P04,B02,10,D04,B18A8A10R1_P1,B19A8A10R1_P1,allele,3710,644T>C,Phe215Ser,CCSBVarC039073,,,,,,,
PLA2G6,PLA2G6_,GDEhPD-RefORF,H07,56,527_PD_Array_P04,C02,11,F04,B18A8A10R1_P1,B19A8A10R1_P1,disease_wt,100000400,,,NULL,,,,,,,
PLA2G6,PLA2G6_Lys545Thr,GDEh_PD23mut_003,F05,38,527_PD_Array_P04,D02,12,H04,B18A8A10R1_P1,B19A8A10R1_P1,allele,100000400,1634A>C,Lys545Thr,CCSBVarC013702,,,,,,,
POMT1,POMT1_,GDEhPD-RefORF,D02,12,527_PD_Array_P04,E02,13,J04,B18A8A10R1_P1,B19A8A10R1_P1,disease_wt,71206,,,NULL,,,,,,,
POMT1,POMT1_Trp582Cys,GDEh_PD23mut_003,D05,36,527_PD_Array_P04,F02,14,L04,B18A8A10R1_P1,B19A8A10R1_P1,allele,71206,1680G>C,Trp582Cys,CCSBVarC003249,,,,,,,
PPP1CB,PPP1CB_,GDEhPD-RefORF,E01,5,527_PD_Array_P04,G02,15,N04,B18A8A10R1_P1,B19A8A10R1_P1,disease_wt,4085,,,NULL,,,,,,,
PPP1CB,PPP1CB_Ala56Pro,GDEh_PD23mut_001,F03,22,527_PD_Array_P04,H02,16,P04,B18A8A10R1_P1,B19A8A10R1_P1,allele,4085,166G>C,Ala56Pro,CCSBVarC020770,,,,,,,
PPP1CB,PPP1CB_Arg220Cys,GDEh_PD23mut_001,G03,23,527_PD_Array_P04,A03,17,B06,B18A8A10R1_P1,B19A8A10R1_P1,allele,4085,658C>T,Arg220Cys,CCSBVarC020798,,,,,,,
PPP1CB,PPP1CB_Asp209Glu,GDEh_PD23mut_001,E03,21,527_PD_Array_P04,B03,18,D06,B18A8A10R1_P1,B19A8A10R1_P1,allele,4085,627T>A,Asp209Glu,CCSBVarC039091,,,,,,,
eGFP,eGFP,561 Controls ,,,527_PD_Array_P04,C03,,F06,B18A8A10R1_P1,B19A8A10R1_P1,TC,,,,,,,,,,,
PPP1CB,PPP1CB_Asp252Tyr,GDEh_PD23mut_001,H03,24,527_PD_Array_P04,D03,20,H06,B18A8A10R1_P1,B19A8A10R1_P1,allele,4085,754G>T,Asp252Tyr,CCSBVarC020801,,,,,,,
PPP1CB,PPP1CB_Glu183Ala,GDEh_PD23mut_001,C08,59,527_PD_Array_P04,E03,21,J06,B18A8A10R1_P1,B19A8A10R1_P1,allele,4085,548A>C,Glu183Ala,CCSBVarC020793,,,,,,,
PPP1R3C,PPP1R3C_,GDEhPD-RefORF,F03,22,527_PD_Array_P04,F03,22,L06,B18A8A10R1_P1,B19A8A10R1_P1,disease_wt,6324,,,NULL,,,,,,,
PPP1R3C,PPP1R3C_Asn248Ser,GDEh_PD23mut_001,H07,56,527_PD_Array_P04,G03,23,N06,B18A8A10R1_P1,B19A8A10R1_P1,allele,6324,743A>G,Asn248Ser,CCSBVarC039039,,,,,,,
PPP1R3C,PPP1R3C_Asn248Ser,PD-Iris-Var1,B03,18,527_PD_Array_P04,H03,24,P06,B18A8A10R1_P1,B19A8A10R1_P1,allele,6324,743A>G,Asn248Ser,CCSBVarC039039,,,,,,,
PPP1R3C,PPP1R3C_His129Gln,GDEh_PD23mut_001,A08,57,527_PD_Array_P04,A04,25,B08,B18A8A10R1_P1,B19A8A10R1_P1,allele,6324,387C>G,His129Gln,CCSBVarC039066,,,,,,,
PPP2R2B,PPP2R2B_,GDEhPD-RefORF,H04,32,527_PD_Array_P04,B04,26,D08,B18A8A10R1_P1,B19A8A10R1_P1,disease_wt,8117,,,NULL,,,,,,,
PPP2R2B,PPP2R2B_Ala494Val,GDEh_PD23mut_001,D11,84,527_PD_Array_P04,C04,27,F08,B18A8A10R1_P1,B19A8A10R1_P1,allele,8117,1283C>T,Ala494Val,CCSBVarC039090,,,,,,,
ALK,ALK_,527 Controls ,,,527_PD_Array_P04,D04,,H08,B18A8A10R1_P1,B19A8A10R1_P1,PC,,,,,,,,,,,
PPP2R2B,PPP2R2B_Arg380His,GDEh_PD23mut_001,B11,82,527_PD_Array_P04,E04,29,J08,B18A8A10R1_P1,B19A8A10R1_P1,allele,8117,941G>A,Arg380His,CCSBVarC039076,,,,,,,
PPP2R2B,PPP2R2B_Arg451Gln,GDEh_PD23mut_001,A11,81,527_PD_Array_P04,F04,30,L08,B18A8A10R1_P1,B19A8A10R1_P1,allele,8117,1154G>A,Arg451Gln,CCSBVarC039068,,,,,,,
PPP2R2B,PPP2R2B_Ile116Met,GDEh_PD23mut_001,C11,83,527_PD_Array_P04,G04,31,N08,B18A8A10R1_P1,B19A8A10R1_P1,allele,8117,150A>G,Ile116Met,CCSBVarC039082,,,,,,,
PPP2R2B,PPP2R2B_Val305Met,GDEh_PD23mut_002,C06,43,527_PD_Array_P04,H04,32,P08,B18A8A10R1_P1,B19A8A10R1_P1,allele,8117,715G>A,Val305Met,CCSBVarC039133,,,,,,,
PSEN1,PSEN1_,GDEhPD-RefORF,E07,53,527_PD_Array_P04,A05,33,B10,B18A8A10R1_P1,B19A8A10R1_P1,disease_wt,6970,,,NULL,,,,,,,
PSEN1,PSEN1_Ala246Glu,GDEh_PD23mut_002,H02,16,527_PD_Array_P04,B05,34,D10,B18A8A10R1_P1,B19A8A10R1_P1,allele,6970,725C>A,Ala246Glu,CCSBVarC039168,,,,,,,
PSEN1,PSEN1_Ala431Glu,GDEh_PD23mut_002,C04,27,527_PD_Array_P04,C05,35,F10,B18A8A10R1_P1,B19A8A10R1_P1,allele,6970,1280C>A,Ala431Glu,CCSBVarC011038,,,,,,,
PSEN1,PSEN1_Ala79Val,GDEh_PD23mut_002,C01,3,527_PD_Array_P04,D05,36,H10,B18A8A10R1_P1,B19A8A10R1_P1,allele,6970,224C>T,Ala79Val,CCSBVarC039131,,,,,,,
ALK,ALK_Arg1275Gln,527 Controls ,,,527_PD_Array_P04,E05,,J10,B18A8A10R1_P1,B19A8A10R1_P1,PC,,,,,,,,,,,
PSEN1,PSEN1_Arg269His,GDEh_PD23mut_002,F07,54,527_PD_Array_P04,F05,38,L10,B18A8A10R1_P1,B19A8A10R1_P1,allele,6970,794G>A,Arg269His,CCSBVarC004360,,,,,,,
PSEN1,PSEN1_Arg278Ile,GDEh_PD23mut_002,E03,21,527_PD_Array_P04,G05,39,N10,B18A8A10R1_P1,B19A8A10R1_P1,allele,6970,821G>T,Arg278Ile,CCSBVarC011047,,,,,,,
PSEN1,PSEN1_Arg278Thr,GDEh_PD23mut_002,D03,20,527_PD_Array_P04,H05,40,P10,B18A8A10R1_P1,B19A8A10R1_P1,allele,6970,821G>C,Arg278Thr,CCSBVarC011051,,,,,,,
PSEN1,PSEN1_Cys410Tyr,GDEh_PD23mut_002,A08,57,527_PD_Array_P04,A06,41,B12,B18A8A10R1_P1,B19A8A10R1_P1,allele,6970,1217G>A,Cys410Tyr,CCSBVarC011041,,,,,,,
PSEN1,PSEN1_Glu120Asp,GDEh_PD23mut_002,G06,47,527_PD_Array_P04,B06,42,D12,B18A8A10R1_P1,B19A8A10R1_P1,allele,6970,348A>T,Glu120Asp,CCSBVarC039162,,,,,,,
PSEN1,PSEN1_Glu280Ala,GDEh_PD23mut_002,G07,55,527_PD_Array_P04,C06,43,F12,B18A8A10R1_P1,B19A8A10R1_P1,allele,6970,827A>C,Glu280Ala,CCSBVarC039163,,,,,,,
PSEN1,PSEN1_Glu280Gly,GDEh_PD23mut_002,H07,56,527_PD_Array_P04,D06,44,H12,B18A8A10R1_P1,B19A8A10R1_P1,allele,6970,827A>G,Glu280Gly,CCSBVarC010992,,,,,,,
PSEN1,PSEN1_Gly206Ala,GDEh_PD23mut_002,D07,52,527_PD_Array_P04,E06,45,J12,B18A8A10R1_P1,B19A8A10R1_P1,allele,6970,605G>C,Gly206Ala,CCSBVarC039143,,,,,,,
,,,,,527_PD_Array_P04,F06,,L12,B18A8A10R1_P1,B19A8A10R1_P1,,,,,,,,,,,,
PSEN1,PSEN1_Gly206Asp,GDEh_PD23mut_002,C07,51,527_PD_Array_P04,G06,47,N12,B18A8A10R1_P1,B19A8A10R1_P1,allele,6970,605G>A,Gly206Asp,CCSBVarC011009,,,,,,,
PSEN1,PSEN1_Gly206Val,GDEh_PD23mut_002,E07,53,527_PD_Array_P04,H06,48,P12,B18A8A10R1_P1,B19A8A10R1_P1,allele,6970,605G>T,Gly206Val,CCSBVarC011053,,,,,,,
PSEN1,PSEN1_Gly209Val,GDEh_PD23mut_002,F02,14,527_PD_Array_P04,A07,49,B14,B18A8A10R1_P1,B19A8A10R1_P1,allele,6970,614G>T,Gly209Val,CCSBVarC011013,,,,,,,
PSEN1,PSEN1_Gly217Arg,GDEh_PD23mut_002,G02,15,527_PD_Array_P04,B07,50,D14,B18A8A10R1_P1,B19A8A10R1_P1,allele,6970,637G>C,Gly217Arg,CCSBVarC039160,,,,,,,
PSEN1,PSEN1_Gly266Ser,GDEh_PD23mut_002,B03,18,527_PD_Array_P04,C07,51,F14,B18A8A10R1_P1,B19A8A10R1_P1,allele,6970,784G>A,Gly266Ser,CCSBVarC004359,,,,,,,
PSEN1,PSEN1_Gly378Glu,GDEh_PD23mut_002,G03,23,527_PD_Array_P04,D07,52,H14,B18A8A10R1_P1,B19A8A10R1_P1,allele,6970,1121G>A,Gly378Glu,CCSBVarC011049,,,,,,,
PSEN1,PSEN1_His163Arg,GDEh_PD23mut_002,C02,11,527_PD_Array_P04,E07,53,J14,B18A8A10R1_P1,B19A8A10R1_P1,allele,6970,476A>G,His163Arg,CCSBVarC010990,,,,,,,
MAPK9,MAPK9_,527 Controls ,,,527_PD_Array_P04,F07,,L14,B18A8A10R1_P1,B19A8A10R1_P1,NC,,,,,,,,,,,
PSEN1,PSEN1_His163Tyr,GDEh_PD23mut_002,A07,49,527_PD_Array_P04,G07,55,N14,B18A8A10R1_P1,B19A8A10R1_P1,allele,6970,475C>T,His163Tyr,CCSBVarC010986,,,,,,,
PSEN1,PSEN1_Ile143Thr,GDEh_PD23mut_002,H01,8,527_PD_Array_P04,H07,56,P14,B18A8A10R1_P1,B19A8A10R1_P1,allele,6970,416T>C,Ile143Thr,CCSBVarC039167,,,,,,,
PSEN1,PSEN1_Leu166Pro,GDEh_PD23mut_002,D02,12,527_PD_Array_P04,A08,57,B16,B18A8A10R1_P1,B19A8A10R1_P1,allele,6970,485T>C,Leu166Pro,CCSBVarC039139,,,,,,,
PSEN1,PSEN1_Leu174Met,GDEh_PD23mut_002,E02,13,527_PD_Array_P04,B08,58,D16,B18A8A10R1_P1,B19A8A10R1_P1,allele,6970,508C>A,Leu174Met,CCSBVarC011004,,,,,,,
PSEN1,PSEN1_Leu250Ser,GDEh_PD23mut_002,A03,17,527_PD_Array_P04,C08,59,F16,B18A8A10R1_P1,B19A8A10R1_P1,allele,6970,737T>C,Leu250Ser,CCSBVarC011000,,,,,,,
PSEN1,PSEN1_Leu271Val,GDEh_PD23mut_002,C03,19,527_PD_Array_P04,D08,60,H16,B18A8A10R1_P1,B19A8A10R1_P1,allele,6970,799C>G,Leu271Val,CCSBVarC039132,,,,,,,
RHEB,RHEB_,527 Controls ,,,527_PD_Array_P04,E08,,J16,B18A8A10R1_P1,B19A8A10R1_P1,NC,,,,,,,,,,,
PSEN1,PSEN1_Leu286Val,GDEh_PD23mut_002,F03,22,527_PD_Array_P04,F08,62,L16,B18A8A10R1_P1,B19A8A10R1_P1,allele,6970,844C>G,Leu286Val,CCSBVarC011033,,,,,,,
PSEN1,PSEN1_Leu381Val,GDEh_PD23mut_002,H03,24,527_PD_Array_P04,G08,63,N16,B18A8A10R1_P1,B19A8A10R1_P1,allele,6970,1129C>G,Leu381Val,CCSBVarC004365,,,,,,,
PSEN1,PSEN1_Leu392Val,GDEh_PD23mut_002,A04,25,527_PD_Array_P04,H08,64,P16,B18A8A10R1_P1,B19A8A10R1_P1,allele,6970,1162C>G,Leu392Val,CCSBVarC039119,,,,,,,
PSEN1,PSEN1_Leu418Phe,GDEh_PD23mut_002,B04,26,527_PD_Array_P04,A09,65,B18,B18A8A10R1_P1,B19A8A10R1_P1,allele,6970,1242G>C,Leu418Phe,CCSBVarC039125,,,,,,,
PSEN1,PSEN1_Met139Val,GDEh_PD23mut_002,G01,7,527_PD_Array_P04,B09,66,D18,B18A8A10R1_P1,B19A8A10R1_P1,allele,6970,403A>G,Met139Val,CCSBVarC011015,,,,,,,
PSEN1,PSEN1_Met146Ile,GDEh_PD23mut_002,B02,10,527_PD_Array_P04,C09,67,F18,B18A8A10R1_P1,B19A8A10R1_P1,allele,6970,426G>A,Met146Ile,CCSBVarC011011,,,,,,,
SLIRP,SLIRP_,527 Controls ,,,527_PD_Array_P04,D09,,H18,B18A8A10R1_P1,B19A8A10R1_P1,NC,,,,,,,,,,,
PSEN1,PSEN1_Met146Leu,GDEh_PD23mut_002,H06,48,527_PD_Array_P04,E09,69,J18,B18A8A10R1_P1,B19A8A10R1_P1,allele,6970,424A>C,Met146Leu,CCSBVarC039171,,,,,,,
PSEN1,PSEN1_Met146Val,GDEh_PD23mut_002,A02,9,527_PD_Array_P04,F09,70,L18,B18A8A10R1_P1,B19A8A10R1_P1,allele,6970,424A>G,Met146Val,CCSBVarC011035,,,,,,,
PSEN1,PSEN1_Pro88Arg,GDEh_PD23mut_002,D01,4,527_PD_Array_P04,G09,71,N18,B18A8A10R1_P1,B19A8A10R1_P1,allele,6970,251C>G,Pro88Arg,CCSBVarC039138,,,,,,,
PSEN1,PSEN1_Pro88Leu,GDEh_PD23mut_002,E01,5,527_PD_Array_P04,H09,72,P18,B18A8A10R1_P1,B19A8A10R1_P1,allele,6970,251C>T,Pro88Leu,CCSBVarC039147,,,,,,,
PSEN1,PSEN1_Ser170Phe,GDEh_PD23mut_002,B07,50,527_PD_Array_P04,A10,73,B20,B18A8A10R1_P1,B19A8A10R1_P1,allele,6970,497C>T,Ser170Phe,CCSBVarC004347,,,,,,,
PSEN1,PSEN1_Thr116Asn,GDEh_PD23mut_002,F01,6,527_PD_Array_P04,B10,74,D20,B18A8A10R1_P1,B19A8A10R1_P1,allele,6970,335C>A,Thr116Asn,CCSBVarC039154,,,,,,,
PRKACB,PRKACB_,527 Controls ,,,527_PD_Array_P04,C10,,F20,B18A8A10R1_P1,B19A8A10R1_P1,NC,,,,,,,,,,,
PTPN18,PTPN18_,GDEhPD-RefORF,H03,24,527_PD_Array_P04,D10,76,H20,B18A8A10R1_P1,B19A8A10R1_P1,disease_wt,13625,,,NULL,,,,,,,
PTPN18,PTPN18_Arg216His,GDEh_PD23mut_001,G08,63,527_PD_Array_P04,E10,77,J20,B18A8A10R1_P1,B19A8A10R1_P1,allele,13625,326G>A,Arg216His,CCSBVarC039110,,,,,,,
PTPN18,PTPN18_Leu208Phe,GDEh_PD23mut_001,D04,28,527_PD_Array_P04,F10,78,L20,B18A8A10R1_P1,B19A8A10R1_P1,allele,13625,301C>T,Leu208Phe,CCSBVarC039084,,,,,,,
PTPN18,PTPN18_Tyr281Asn,GDEh_PD23mut_001,E04,29,527_PD_Array_P04,G10,79,N20,B18A8A10R1_P1,B19A8A10R1_P1,allele,13625,520T>A,Tyr281Asn,CCSBVarC039092,,,,,,,
PTPRR,PTPRR_,GDEhPD-RefORF,E06,45,527_PD_Array_P04,H10,80,P20,B18A8A10R1_P1,B19A8A10R1_P1,disease_wt,71511,,,NULL,,,,,,,
PTPRR,PTPRR_Ala367Glu,GDEh_PD23mut_001,F10,78,527_PD_Array_P04,A11,81,B22,B18A8A10R1_P1,B19A8A10R1_P1,allele,71511,365C>A,Ala367Glu,CCSBVarC039105,,,,,,,
PTPRR,PTPRR_Ile247Thr,GDEh_PD23mut_002,E05,37,527_PD_Array_P04,B11,82,D22,B18A8A10R1_P1,B19A8A10R1_P1,allele,71511,5T>C,Ile247Thr,CCSBVarC039149,,,,,,,
PTPRR,PTPRR_Tyr249His,GDEh_PD23mut_002,F05,38,527_PD_Array_P04,C11,83,F22,B18A8A10R1_P1,B19A8A10R1_P1,allele,71511,10T>C,Tyr249His,CCSBVarC039156,,,,,,,
PTPRR,PTPRR_Val386Ile,GDEh_PD23mut_001,E10,77,527_PD_Array_P04,D11,84,H22,B18A8A10R1_P1,B19A8A10R1_P1,allele,71511,421G>A,Val386Ile,CCSBVarC039097,,,,,,,
PTPRR,PTPRR_Val387Met,GDEh_PD23mut_001,D10,76,527_PD_Array_P04,E11,85,J22,B18A8A10R1_P1,B19A8A10R1_P1,allele,71511,424G>A,Val387Met,CCSBVarC039089,,,,,,,
PTPRR,PTPRR_Val439Ile,GDEh_PD23mut_001,G10,79,527_PD_Array_P04,F11,86,L22,B18A8A10R1_P1,B19A8A10R1_P1,allele,71511,580G>A,Val439Ile,CCSBVarC039111,,,,,,,
PTPRS,PTPRS_,GDEhPD-RefORF,E02,13,527_PD_Array_P04,G11,87,N22,B18A8A10R1_P1,B19A8A10R1_P1,disease_wt,8703,,,NULL,,,,,,,
PTPRS,PTPRS_Cys27Tyr,GDEh_PD23mut_001,B01,2,527_PD_Array_P04,H11,88,P22,B18A8A10R1_P1,B19A8A10R1_P1,allele,8703,80G>A,Cys27Tyr,CCSBVarC039069,,,,,,,
PTPRS,PTPRS_Ile43Asn,GDEh_PD23mut_001,A01,1,527_PD_Array_P04,A12,89,B24,B18A8A10R1_P1,B19A8A10R1_P1,allele,8703,128T>A,Ile43Asn,CCSBVarC039061,,,,,,,
RABGEF1,RABGEF1_,GDEhPD-RefORF,C05,35,527_PD_Array_P04,B12,90,D24,B18A8A10R1_P1,B19A8A10R1_P1,disease_wt,1047,,,NULL,,,,,,,
RABGEF1,RABGEF1_Glu191Lys,PD-Iris-Var1,D01,4,527_PD_Array_P04,C12,91,F24,B18A8A10R1_P1,B19A8A10R1_P1,allele,1047,571G>A,Glu191Lys,CCSBVarC039033,,,,,,,
RABGEF1,RABGEF1_Glu231Lys,GDEh_PD23mut_002,D08,60,527_PD_Array_P04,D12,92,H24,B18A8A10R1_P1,B19A8A10R1_P1,allele,1047,571G>A,Glu231Lys,CCSBVarC039033,,,,,,,
RABGEF1,RABGEF1_Pro369Leu,GDEh_PD23mut_002,H04,32,527_PD_Array_P04,E12,93,J24,B18A8A10R1_P1,B19A8A10R1_P1,allele,1047,986C>T,Pro369Leu,CCSBVarC039169,,,,,,,
RNF14,RNF14_,GDEhPD-RefORF,B05,34,527_PD_Array_P04,F12,94,L24,B18A8A10R1_P1,B19A8A10R1_P1,disease_wt,53361,,,NULL,,,,,,,
RNF14,RNF14_Asn447Ser,GDEh_PD23mut_002,E04,29,527_PD_Array_P04,G12,95,N24,B18A8A10R1_P1,B19A8A10R1_P1,allele,53361,1340A>G,Asn447Ser,CCSBVarC039148,,,,,,,
RNF14,RNF14_Leu316Arg,GDEh_PD23mut_002,F04,30,527_PD_Array_P04,H12,96,P24,B18A8A10R1_P1,B19A8A10R1_P1,allele,53361,947T>G,Leu316Arg,CCSBVarC039155,,,,,,,
SEC23A,SEC23A_,GDEhPD-RefORF,D08,60,527_PD_Array_P05,A01,1,A01,B18A8A10R1_P2,B19A8A10R1_P2,disease_wt,100008515,,,NULL,,,,,,,
SEC23A,SEC23A_Glu572Ala,PD-Iris-Var1,H04,32,527_PD_Array_P05,B01,2,C01,B18A8A10R1_P2,B19A8A10R1_P2,allele,100008515,1715A>C,Glu572Ala,CCSBVarC039047,,,,,,,
SEC31A,SEC31A_,GDEhPD-RefORF,G02,15,527_PD_Array_P05,C01,3,E01,B18A8A10R1_P2,B19A8A10R1_P2,disease_wt,14183,,,NULL,,,,,,,
SEC31A,SEC31A_Glu482Asp,GDEh_PD23mut_002,G08,63,527_PD_Array_P05,D01,4,G01,B18A8A10R1_P2,B19A8A10R1_P2,allele,14183,1446G>T,Glu482Asp,CCSBVarC039164,,,,,,,
SEC31A,SEC31A_Leu365Phe,GDEh_PD23mut_002,B05,34,527_PD_Array_P05,E01,5,I01,B18A8A10R1_P2,B19A8A10R1_P2,allele,14183,1093C>T,Leu365Phe,CCSBVarC039126,,,,,,,
SEC31A,SEC31A_Ser414Phe,GDEh_PD23mut_002,A05,33,527_PD_Array_P05,F01,6,K01,B18A8A10R1_P2,B19A8A10R1_P2,allele,14183,1241C>T,Ser414Phe,CCSBVarC039120,,,,,,,
SLC36A3,SLC36A3_,GDEhPD-RefORF,F05,38,527_PD_Array_P05,G01,7,M01,B18A8A10R1_P2,B19A8A10R1_P2,disease_wt,52772,,,NULL,,,,,,,
SLC36A3,SLC36A3_Ala114Asp,GDEh_PD23mut_003,F01,6,527_PD_Array_P05,H01,8,O01,B18A8A10R1_P2,B19A8A10R1_P2,allele,52772,341C>A,Ala114Asp,CCSBVarC039195,,,,,,,
SLC36A3,SLC36A3_Arg231His,GDEh_PD23mut_003,E01,5,527_PD_Array_P05,A02,9,A03,B18A8A10R1_P2,B19A8A10R1_P2,allele,52772,692G>A,Arg231His,CCSBVarC039190,,,,,,,
SLC36A3,SLC36A3_Gly83Glu,GDEh_PD23mut_002,D09,68,527_PD_Array_P05,B02,10,C03,B18A8A10R1_P2,B19A8A10R1_P2,allele,52772,248G>A,Gly83Glu,CCSBVarC039144,,,,,,,
SLC36A3,SLC36A3_Leu454Ile,GDEh_PD23mut_002,A09,65,527_PD_Array_P05,C02,11,E03,B18A8A10R1_P2,B19A8A10R1_P2,allele,52772,1360C>A,Leu454Ile,CCSBVarC039122,,,,,,,
SLC36A3,SLC36A3_Lys167Glu,GDEh_PD23mut_003,G01,7,527_PD_Array_P05,D02,12,G03,B18A8A10R1_P2,B19A8A10R1_P2,allele,52772,622A>G,Lys167Glu,CCSBVarC039199,,,,,,,
SLC36A3,SLC36A3_Met268Thr,GDEh_PD23mut_002,B09,66,527_PD_Array_P05,E02,13,I03,B18A8A10R1_P2,B19A8A10R1_P2,allele,52772,803T>C,Met268Thr,CCSBVarC039127,,,,,,,
SLC36A3,SLC36A3_Pro123Ser,GDEh_PD23mut_002,C09,67,527_PD_Array_P05,F02,14,K03,B18A8A10R1_P2,B19A8A10R1_P2,allele,52772,367C>T,Pro123Ser,CCSBVarC039134,,,,,,,
SLC36A3,SLC36A3_Pro185Ser,GDEh_PD23mut_002,E09,69,527_PD_Array_P05,G02,15,M03,B18A8A10R1_P2,B19A8A10R1_P2,allele,52772,676C>T,Pro185Ser,CCSBVarC039151,,,,,,,
SORT1,SORT1_,GDEhPD-RefORF,C08,59,527_PD_Array_P05,H02,16,O03,B18A8A10R1_P2,B19A8A10R1_P2,disease_wt,100011253,,,NULL,,,,,,,
SORT1,SORT1_Arg564Lys,GDEh_PD23mut_003,E07,53,527_PD_Array_P05,A03,17,A05,B18A8A10R1_P2,B19A8A10R1_P2,allele,100011253,1691G>A,Arg564Lys,CCSBVarC039194,,,,,,,
SORT1,SORT1_Ser574Leu,GDEh_PD23mut_003,D07,52,527_PD_Array_P05,B03,18,C05,B18A8A10R1_P2,B19A8A10R1_P2,allele,100011253,1721C>T,Ser574Leu,CCSBVarC039189,,,,,,,
eGFP,eGFP,561 Controls ,,,527_PD_Array_P05,C03,,E05,B18A8A10R1_P2,B19A8A10R1_P2,TC,,,,,,,,,,,
TBC1D20,TBC1D20_,GDEhPD-RefORF,C04,27,527_PD_Array_P05,D03,20,G05,B18A8A10R1_P2,B19A8A10R1_P2,disease_wt,7667,,,NULL,,,,,,,
TBC1D20,TBC1D20_Ala27Thr,PD-Iris-Var1,A04,25,527_PD_Array_P05,E03,21,I05,B18A8A10R1_P2,B19A8A10R1_P2,allele,7667,79G>A,Ala27Thr,CCSBVarC039041,,,,,,,
TBC1D20,TBC1D20_Arg67Ter,GDEh_PD23mut_001,C10,75,527_PD_Array_P05,F03,22,K05,B18A8A10R1_P2,B19A8A10R1_P2,allele,7667,199C>T,Arg67Ter,CCSBVarC039081,,,,,,,
TBC1D20,TBC1D20_Gln98Ter,GDEh_PD23mut_002,D05,36,527_PD_Array_P05,G03,23,M05,B18A8A10R1_P2,B19A8A10R1_P2,allele,7667,292C>T,Gln98Ter,CCSBVarC039141,,,,,,,
TBC1D20,TBC1D20_Trp224Ter,GDEh_PD23mut_002,C05,35,527_PD_Array_P05,H03,24,O05,B18A8A10R1_P2,B19A8A10R1_P2,allele,7667,672G>A,Trp224Ter,CCSBVarC039042,,,,,,,
TBC1D20,TBC1D20_Trp224Ter,PD-Iris-Var1,B04,26,527_PD_Array_P05,A04,25,A07,B18A8A10R1_P2,B19A8A10R1_P2,allele,7667,672G>A,Trp224Ter,CCSBVarC039042,,,,,,,
TEAD2,TEAD2_,GDEhPD-RefORF,F04,30,527_PD_Array_P05,B04,26,C07,B18A8A10R1_P2,B19A8A10R1_P2,disease_wt,5240,,,NULL,,,,,,,
TEAD2,TEAD2_Ala267Val,GDEh_PD23mut_001,E11,85,527_PD_Array_P05,C04,27,E07,B18A8A10R1_P2,B19A8A10R1_P2,allele,5240,788C>T,Ala267Val,CCSBVarC039098,,,,,,,
ALK,ALK_,527 Controls ,,,527_PD_Array_P05,D04,,G07,B18A8A10R1_P2,B19A8A10R1_P2,PC,,,,,,,,,,,
TEAD2,TEAD2_Gly226Ala,GDEh_PD23mut_001,G11,87,527_PD_Array_P05,E04,29,I07,B18A8A10R1_P2,B19A8A10R1_P2,allele,5240,665G>C,Gly226Ala,CCSBVarC039112,,,,,,,
TEAD2,TEAD2_Pro213Ser,GDEh_PD23mut_001,F11,86,527_PD_Array_P05,F04,30,K07,B18A8A10R1_P2,B19A8A10R1_P2,allele,5240,625C>T,Pro213Ser,CCSBVarC039106,,,,,,,
TEAD2,TEAD2_Ser218Leu,GDEh_PD23mut_002,D06,44,527_PD_Array_P05,G04,31,M07,B18A8A10R1_P2,B19A8A10R1_P2,allele,5240,641C>T,Ser218Leu,CCSBVarC039142,,,,,,,
TEAD3,TEAD3_,GDEhPD-RefORF,B01,2,527_PD_Array_P05,H04,32,O07,B18A8A10R1_P2,B19A8A10R1_P2,disease_wt,8351,,,NULL,,,,,,,
TEAD3,TEAD3_Thr254Met,GDEh_PD23mut_001,C03,19,527_PD_Array_P05,A05,33,A09,B18A8A10R1_P2,B19A8A10R1_P2,allele,8351,428C>T,Thr254Met,CCSBVarC039077,,,,,,,
TGIF1,TGIF1_,GDEhPD-RefORF,C01,3,527_PD_Array_P05,B05,34,C09,B18A8A10R1_P2,B19A8A10R1_P2,disease_wt,2227,,,NULL,,,,,,,
TGIF1,TGIF1_Tyr59Ter,GDEh_PD23mut_001,D06,44,527_PD_Array_P05,C05,35,E09,B18A8A10R1_P2,B19A8A10R1_P2,allele,2227,177C>G,Tyr59Ter,CCSBVarC039086,,,,,,,
TGIF1,TGIF1_,GDEhPD-RefORF,D03,20,527_PD_Array_P05,D05,36,G09,B18A8A10R1_P2,B19A8A10R1_P2,disease_wt,1805,,,NULL,,,,,,,
ALK,ALK_Arg1275Gln,527 Controls ,,,527_PD_Array_P05,E05,,I09,B18A8A10R1_P2,B19A8A10R1_P2,PC,,,,,,,,,,,
TGIF1,TGIF1_Arg219Cys,GDEh_PD23mut_001,D07,52,527_PD_Array_P05,F05,38,K09,B18A8A10R1_P2,B19A8A10R1_P2,allele,1805,268C>T,Arg219Cys,CCSBVarC000195,,,,,,,
TGIF1,TGIF1_Arg219His,GDEh_PD23mut_001,D02,12,527_PD_Array_P05,G05,39,M09,B18A8A10R1_P2,B19A8A10R1_P2,allele,1805,269G>A,Arg219His,CCSBVarC008833,,,,,,,
TGIF1,TGIF1_Pro192Arg,GDEh_PD23mut_001,C02,11,527_PD_Array_P05,H05,40,O09,B18A8A10R1_P2,B19A8A10R1_P2,allele,1805,188C>G,Pro192Arg,CCSBVarC000194,,,,,,,
TGIF1,TGIF1_Ser291Phe,GDEh_PD23mut_001,E07,53,527_PD_Array_P05,A06,41,A11,B18A8A10R1_P2,B19A8A10R1_P2,allele,1805,485C>T,Ser291Phe,CCSBVarC000196,,,,,,,
TREH,TREH_,GDEhPD-RefORF,A06,41,527_PD_Array_P05,B06,42,C11,B18A8A10R1_P2,B19A8A10R1_P2,disease_wt,52882,,,NULL,,,,,,,
TREH,TREH_Thr389Ala,GDEh_PD23mut_003,D01,4,527_PD_Array_P05,C06,43,E11,B18A8A10R1_P2,B19A8A10R1_P2,allele,52882,1072A>G,Thr389Ala,CCSBVarC039186,,,,,,,
TGIF1,TGIF1_Pro292Leu,GDEh_PD23mut_001,C07,51,527_PD_Array_P05,D06,44,G11,B18A8A10R1_P2,B19A8A10R1_P2,allele,1805,488C>T,Pro292Leu,CCSBVarC002880,,,,,,,
TGIF1,TGIF1_Thr280Ala,GDEh_PD23mut_001,E02,13,527_PD_Array_P05,E06,45,I11,B18A8A10R1_P2,B19A8A10R1_P2,allele,1805,451A>G,Thr280Ala,CCSBVarC008830,,,,,,,
,,,,,527_PD_Array_P05,F06,,K11,B18A8A10R1_P2,B19A8A10R1_P2,,,,,,,,,,,,
UBA52,UBA52_,GDEhPD-RefORF,H06,48,527_PD_Array_P05,G06,47,M11,B18A8A10R1_P2,B19A8A10R1_P2,disease_wt,71838,,,NULL,,,,,,,
UBA52,UBA52_Asn129Asp,GDEh_PD23mut_001,E06,45,527_PD_Array_P05,H06,48,O11,B18A8A10R1_P2,B19A8A10R1_P2,allele,71838,355A>G,Asn129Asp,CCSBVarC039094,,,,,,,
UGP2,UGP2_,GDEhPD-RefORF,B06,42,527_PD_Array_P05,A07,49,A13,B18A8A10R1_P2,B19A8A10R1_P2,disease_wt,11466,,,NULL,,,,,,,
UGP2,UGP2_Gln76Ter,GDEh_PD23mut_002,E08,61,527_PD_Array_P05,B07,50,C13,B18A8A10R1_P2,B19A8A10R1_P2,allele,11466,199C>T,Gln76Ter,CCSBVarC039150,,,,,,,
USP10,USP10_,GDEhPD-RefORF,H02,16,527_PD_Array_P05,C07,51,E13,B18A8A10R1_P2,B19A8A10R1_P2,disease_wt,3403,,,NULL,,,,,,,
USP10,USP10_Thr513Arg,GDEh_PD23mut_003,E05,37,527_PD_Array_P05,D07,52,G13,B18A8A10R1_P2,B19A8A10R1_P2,allele,3403,1526C>G,Thr509Arg,CCSBVarC039034,,,,,,,
USP10,USP10_Thr509Arg,PD-Iris-Var1,E01,5,527_PD_Array_P05,E07,53,I13,B18A8A10R1_P2,B19A8A10R1_P2,allele,3403,1526C>G,Thr513Arg,CCSBVarC039034,,,,,,,
MAPK9,MAPK9_,527 Controls ,,,527_PD_Array_P05,F07,,K13,B18A8A10R1_P2,B19A8A10R1_P2,NC,,,,,,,,,,,
USP21,USP21_,GDEhPD-RefORF,G01,7,527_PD_Array_P05,G07,55,M13,B18A8A10R1_P2,B19A8A10R1_P2,disease_wt,3908,,,NULL,,,,,,,
USP21,USP21_Gly321Asp,GDEh_PD23mut_001,C09,67,527_PD_Array_P05,H07,56,O13,B18A8A10R1_P2,B19A8A10R1_P2,allele,3908,410G>A,Gly321Asp,CCSBVarC039080,,,,,,,
USP21,USP21_Pro336Thr,GDEh_PD23mut_001,D05,36,527_PD_Array_P05,A08,57,A15,B18A8A10R1_P2,B19A8A10R1_P2,allele,3908,454C>A,Pro336Thr,CCSBVarC039085,,,,,,,
VPS26A,VPS26A_,GDEhPD-RefORF,E03,21,527_PD_Array_P05,B08,58,C15,B18A8A10R1_P2,B19A8A10R1_P2,disease_wt,1230,,,NULL,,,,,,,
VPS26A,VPS26A_Asn19His,GDEh_PD23mut_001,D03,20,527_PD_Array_P05,C08,59,E15,B18A8A10R1_P2,B19A8A10R1_P2,allele,1230,55A>C,Asn19His,CCSBVarC039083,,,,,,,
YES1,YES1_,GDEhPD-RefORF,H05,40,527_PD_Array_P05,D08,60,G15,B18A8A10R1_P2,B19A8A10R1_P2,disease_wt,10705,,,NULL,,,,,,,
RHEB,RHEB_,527 Controls ,,,527_PD_Array_P05,E08,,I15,B18A8A10R1_P2,B19A8A10R1_P2,NC,,,,,,,,,,,
YES1,YES1_Arg400Ter,GDEh_PD23mut_003,E04,29,527_PD_Array_P05,F08,62,K15,B18A8A10R1_P2,B19A8A10R1_P2,allele,10705,1183C>T,Arg400Ter,CCSBVarC039192,,,,,,,
YES1,YES1_Arg190Lys,GDEh_PD23mut_003,C01,3,527_PD_Array_P05,G08,63,M15,B18A8A10R1_P2,B19A8A10R1_P2,allele,10705,554G>A,Arg190Lys,CCSBVarC039182,,,,,,,
YES1,YES1_Tyr199Phe,GDEh_PD23mut_003,F04,30,527_PD_Array_P05,H08,64,O15,B18A8A10R1_P2,B19A8A10R1_P2,allele,10705,581A>T,Tyr199Phe,CCSBVarC039197,,,,,,,
SOD1,SOD1_,Tube,,,527_PD_Array_P05,A09,65,A17,B18A8A10R1_P2,B19A8A10R1_P2,disease_wt,,,,,,,,,,,
SOD1,SOD1_,Tube,,,527_PD_Array_P05,B09,66,C17,B18A8A10R1_P2,B19A8A10R1_P2,disease_wt,,,,,,,,,,,
SOD1,SOD1_Gly93Ala,Tube,,,527_PD_Array_P05,C09,67,E17,B18A8A10R1_P2,B19A8A10R1_P2,allele,,,Gly93Ala,,,,,,,,
SLIRP,SLIRP_,527 Controls ,,,527_PD_Array_P05,D09,,G17,B18A8A10R1_P2,B19A8A10R1_P2,NC,,,,,,,,,,,
SOD1,SOD1_Arg116Gly,Tube,,,527_PD_Array_P05,E09,69,I17,B18A8A10R1_P2,B19A8A10R1_P2,allele,,,Arg116Gly,,,,,,,,
SOD1,SOD1_Lys145Thr,Tube,,,527_PD_Array_P05,F09,70,K17,B18A8A10R1_P2,B19A8A10R1_P2,allele,,,Lys145Thr,,,,,,,,
SOD1,SOD1_Ala146Thr,Tube,,,527_PD_Array_P05,G09,71,M17,B18A8A10R1_P2,B19A8A10R1_P2,allele,,,Ala146Thr,,,,,,,,
SOD1,SOD1_Ala5Val,Tube,,,527_PD_Array_P05,H09,72,O17,B18A8A10R1_P2,B19A8A10R1_P2,allele,,,Ala5Val,,,,,,,,
CCM2,CCM2_,527_CCM2_P01,A01,1,527_PD_Array_P05,A10,73,A19,B18A8A10R1_P2,B19A8A10R1_P2,disease_wt,,,,,,,,,,,
CCM2,CCM2_Val120Ile,Tube,,,527_PD_Array_P05,B10,74,C19,B18A8A10R1_P2,B19A8A10R1_P2,allele,,,Val120Ile,,,,,,,,
PRKACB,PRKACB_,527 Controls ,,,527_PD_Array_P05,C10,,E19,B18A8A10R1_P2,B19A8A10R1_P2,NC,,,,,,,,,,,
CCM2,CCM2_Thr406Met,Tube,,,527_PD_Array_P05,D10,76,G19,B18A8A10R1_P2,B19A8A10R1_P2,allele,,,Thr406Met,,,,,,,,
CCM2,CCM2_Met1Val,Tube,,,527_PD_Array_P05,E10,77,I19,B18A8A10R1_P2,B19A8A10R1_P2,allele,,,Met1Val,,,,,,,,
CCM2,CCM2_Asn327Ser,Tube,,,527_PD_Array_P05,F10,78,K19,B18A8A10R1_P2,B19A8A10R1_P2,allele,,,Asn327Ser,,,,,,,,
CCM2,CCM2_Val53Ile,Tube,,,527_PD_Array_P05,G10,79,M19,B18A8A10R1_P2,B19A8A10R1_P2,allele,,,Val53Ile,,,,,,,,
CCM2,CCM2_Leu195Arg,Tube,,,527_PD_Array_P05,H10,80,O19,B18A8A10R1_P2,B19A8A10R1_P2,allele,,,Leu195Arg,,,,,,,,
CCM2,CCM2_Leu198Arg,Tube,,,527_PD_Array_P05,A11,81,A21,B18A8A10R1_P2,B19A8A10R1_P2,allele,,,Leu198Arg,,,,,,,,
CCM2,CCM2_Ser413Leu,Tube,,,527_PD_Array_P05,B11,82,C21,B18A8A10R1_P2,B19A8A10R1_P2,allele,,,Ser413Leu,,,,,,,,
CCM2,CCM2_Phe270Leu,Tube,,,527_PD_Array_P05,C11,83,E21,B18A8A10R1_P2,B19A8A10R1_P2,allele,,,Phe270Leu,,,,,,,,
CCM2,CCM2_Leu212Pro,Tube,,,527_PD_Array_P05,D11,84,G21,B18A8A10R1_P2,B19A8A10R1_P2,allele,,,Leu212Pro,,,,,,,,
CCM2,CCM2_,527_CCM2_P01,A01,1,527_PD_Array_P05,E11,85,I21,B18A8A10R1_P2,B19A8A10R1_P2,disease_wt,,,,,,,,,,,
CCM2,CCM2_Val120Ile,Tube,,,527_PD_Array_P05,F11,86,K21,B18A8A10R1_P2,B19A8A10R1_P2,allele,,,Val120Ile,,,,,,,,
CCM2,CCM2_Thr406Met,Tube,,,527_PD_Array_P05,G11,87,M21,B18A8A10R1_P2,B19A8A10R1_P2,allele,,,Thr406Met,,,,,,,,
CCM2,CCM2_Met1Val,Tube,,,527_PD_Array_P05,H11,88,O21,B18A8A10R1_P2,B19A8A10R1_P2,allele,,,Met1Val,,,,,,,,
CCM2,CCM2_Asn327Ser,Tube,,,527_PD_Array_P05,A12,89,A23,B18A8A10R1_P2,B19A8A10R1_P2,allele,,,Asn327Ser,,,,,,,,
CCM2,CCM2_Val53Ile,Tube,,,527_PD_Array_P05,B12,90,C23,B18A8A10R1_P2,B19A8A10R1_P2,allele,,,Val53Ile,,,,,,,,
CCM2,CCM2_Leu195Arg,Tube,,,527_PD_Array_P05,C12,91,E23,B18A8A10R1_P2,B19A8A10R1_P2,allele,,,Leu195Arg,,,,,,,,
CCM2,CCM2_Leu198Arg,Tube,,,527_PD_Array_P05,D12,92,G23,B18A8A10R1_P2,B19A8A10R1_P2,allele,,,Leu198Arg,,,,,,,,
CCM2,CCM2_Ser413Leu,Tube,,,527_PD_Array_P05,E12,93,I23,B18A8A10R1_P2,B19A8A10R1_P2,allele,,,Ser413Leu,,,,,,,,
CCM2,CCM2_Phe270Leu,Tube,,,527_PD_Array_P05,F12,94,K23,B18A8A10R1_P2,B19A8A10R1_P2,allele,,,Phe270Leu,,,,,,,,
CCM2,CCM2_Leu212Pro,Tube,,,527_PD_Array_P05,G12,95,M23,B18A8A10R1_P2,B19A8A10R1_P2,allele,,,Leu212Pro,,,,,,,,